0,1,2,3,4
0.0,414.42408607276593,0.0,-0.0,-0.0
0.0,411.38562965088806,0.0,0.0,-0.0
0.0,406.76717588963373,0.0,0.0,0.0
0.0,403.30333556869283,0.0,0.0,0.0
0.0,403.48564295400564,0.0,0.0,0.0
0.0,402.93872079806755,0.0,0.0,-0.0
0.0,400.9637241238469,0.0,-0.0,0.0
0.0,383.3406768769551,0.0,-0.0,-0.0
0.0,343.41535949347974,0.0,0.0,-0.0
0.0,310.2050308023542,0.0,-0.0,-0.0
0.0,284.13507470264216,0.0,-0.0,-0.0
0.0,262.6228032357469,0.0,-0.0,-0.0
0.0,249.89167082807828,0.0,0.0,0.0
0.0,253.56820309855064,0.0,0.0,-0.0
0.0,281.4916176156083,0.0,0.0,-0.0
0.0,313.8511785086079,0.0,-0.0,0.0
0.0,329.3169216959663,0.0,0.0,-0.0
0.0,342.8380527733229,0.0,-0.0,-0.0
0.0,348.73265823176587,0.0,0.0,0.0
0.0,351.2849616261434,0.0,0.0,0.0
0.0,355.08303215349065,0.0,-0.0,0.0
0.0,360.1876389422458,0.0,0.0,-0.0
0.0,365.2922457310005,0.0,-0.0,0.0
0.0,374.80261433147837,0.0,0.0,0.0
0.0,383.5533688264866,0.0,0.0,0.0
0.0,390.8152796747747,0.0,0.0,0.0
0.0,391.7572011655568,0.0,-0.0,-0.0
0.0,396.6491160047804,0.0,-0.0,0.0
0.0,405.52140875666373,0.0,0.0,-0.0
0.0,412.2060128847951,0.0,-0.0,0.0
0.0,417.40177336620627,0.0,0.0,-0.0
0.0,399.5964187340018,0.0,-0.0,0.0
0.0,354.29303348380245,0.0,0.0,-0.0
0.0,316.160405389235,0.0,-0.0,0.0
0.0,288.814297592334,0.0,0.0,0.0
0.0,269.48971474919074,0.0,0.0,0.0
0.0,261.43780523121427,0.0,-0.0,-0.0
0.0,266.84625766215703,0.0,-0.0,0.0
0.0,282.0689243357654,0.0,0.0,-0.0
0.0,293.5846741746824,0.0,0.0,0.0
0.0,291.427370115149,0.0,-0.0,-0.0
0.0,286.96083917498856,0.0,0.0,0.0
0.0,281.6739250009211,0.0,-0.0,-0.0
0.0,277.45047057451086,0.0,0.0,-0.0
0.0,270.52278993262917,0.0,0.0,-0.0
0.0,265.6612596576247,0.0,0.0,0.0
0.0,259.9489615844942,0.0,-0.0,-0.0
0.0,251.92743663073654,0.0,0.0,0.0
0.0,246.30629225026252,0.0,0.0,0.0
0.0,243.90591167697897,0.0,0.0,-0.0
0.0,242.41706803025878,0.0,-0.0,-0.0
0.0,239.1051505304118,0.0,-0.0,0.0
0.0,240.07745658541288,0.0,-0.0,-0.0
0.0,245.85052378698083,0.0,0.0,-0.0
0.0,249.16244128682763,0.0,-0.0,-0.0
0.0,237.92015252587962,0.0,0.0,0.0
0.0,215.7698052103897,0.0,0.0,0.0
0.0,191.03676993630384,0.0,-0.0,-0.0
0.0,163.69066213940263,0.0,-0.0,0.0
0.0,134.30878853984362,0.0,0.0,0.0
0.0,115.71343523795106,0.0,0.0,-0.0
0.0,120.72688833404956,0.0,-0.0,-0.0
0.0,163.26527824033982,0.0,-0.0,0.0
0.0,199.8786781239684,0.0,-0.0,0.0
0.0,201.33713720646972,0.0,-0.0,-0.0
0.0,198.84560294052991,0.0,-0.0,0.0
0.0,197.11368278005958,0.0,-0.0,0.0
0.0,197.3567592938098,0.0,-0.0,0.0
0.0,198.42021904146702,0.0,-0.0,0.0
0.0,198.6329109909986,0.0,0.0,-0.0
0.0,202.674058032096,0.0,0.0,-0.0
0.0,210.48289103632214,0.0,0.0,0.0
0.0,217.9574938341418,0.0,-0.0,0.0
0.0,219.84133681570626,0.0,-0.0,0.0
0.0,215.3748058755457,0.0,0.0,-0.0
0.0,214.31134612788836,0.0,0.0,-0.0
0.0,212.94404073804333,0.0,0.0,0.0
0.0,200.97252243584447,0.0,0.0,-0.0
0.0,201.7017519770951,0.0,0.0,-0.0
0.0,185.29408729895454,0.0,0.0,-0.0
0.0,150.80760691064057,0.0,-0.0,-0.0
0.0,118.29612319654716,0.0,0.0,-0.0
0.0,99.12346317449766,0.0,0.0,-0.0
0.0,93.1680885876171,0.0,-0.0,-0.0
0.0,99.36653968824787,0.0,-0.0,0.0
0.0,122.00304003123813,0.0,-0.0,-0.0
0.0,166.69873399706188,0.0,0.0,0.0
0.0,218.80826163226766,0.0,0.0,0.0
0.0,247.21782917682592,0.0,-0.0,-0.0
0.0,269.03394628590894,0.0,0.0,-0.0
0.0,286.20122506951907,0.0,-0.0,-0.0
0.0,299.96543266062594,0.0,0.0,-0.0
0.0,313.1827180957949,0.0,-0.0,-0.0
0.0,320.5965517651768,0.0,-0.0,-0.0
0.0,329.40807538862276,0.0,0.0,-0.0
0.0,334.998835204878,0.0,-0.0,0.0
0.0,342.68612995222895,0.0,0.0,0.0
0.0,351.3457307545811,0.0,-0.0,-0.0
0.0,357.2403362130241,0.0,-0.0,-0.0
0.0,364.44147793287465,0.0,-0.0,-0.0
0.0,363.4995564420926,0.0,0.0,0.0
0.0,365.5657068089695,0.0,-0.0,0.0
0.0,358.0303348827124,0.0,0.0,-0.0
0.0,331.96037878300007,0.0,-0.0,-0.0
0.0,284.0743055742047,0.0,0.0,-0.0
0.0,238.74053575978664,0.0,-0.0,-0.0
0.0,200.57752310100034,0.0,0.0,-0.0
0.0,183.2279369320776,0.0,-0.0,-0.0
0.0,180.31101876707484,0.0,-0.0,-0.0
0.0,197.32637472959104,0.0,-0.0,0.0
0.0,260.3743454835572,0.0,0.0,0.0
0.0,326.09615788877585,0.0,0.0,-0.0
0.0,344.6611266264496,0.0,-0.0,0.0
0.0,356.96687513505503,0.0,-0.0,0.0
0.0,365.2922457310005,0.0,-0.0,0.0
0.0,367.5710880474088,0.0,0.0,0.0
0.0,373.070694171008,0.0,0.0,0.0
0.0,381.5783721522659,0.0,-0.0,-0.0
0.0,383.4622151338302,0.0,0.0,-0.0
0.0,379.6033754780452,0.0,-0.0,-0.0
0.0,373.4353089416332,0.0,-0.0,-0.0
0.0,365.74801419428206,0.0,0.0,-0.0
0.0,358.5772570386504,0.0,-0.0,0.0
0.0,351.072269676612,0.0,0.0,0.0
0.0,345.54227898879424,0.0,-0.0,-0.0
0.0,340.92382522753996,0.0,0.0,-0.0
0.0,337.18652382863,0.0,0.0,0.0
0.0,319.53309201751955,0.0,0.0,-0.0
0.0,281.9473860788901,0.0,0.0,0.0
0.0,244.45283383291704,0.0,0.0,-0.0
0.0,219.62864486617454,0.0,-0.0,-0.0
0.0,201.94482849084537,0.0,-0.0,0.0
0.0,195.50330087646435,0.0,-0.0,-0.0
0.0,207.079819843819,0.0,-0.0,0.0
0.0,237.58592231947296,0.0,-0.0,-0.0
0.0,267.87933284559546,0.0,-0.0,0.0
0.0,276.50854908372867,0.0,-0.0,-0.0
0.0,274.65509066638316,0.0,-0.0,0.0
0.0,271.22163490966113,0.0,0.0,-0.0
0.0,269.9150986482536,0.0,-0.0,-0.0
0.0,267.3931798180949,0.0,-0.0,-0.0
0.0,264.7497227310611,0.0,-0.0,-0.0
0.0,260.10088440558815,0.0,-0.0,0.0
0.0,252.86935812151867,0.0,-0.0,-0.0
0.0,247.46090569057617,0.0,0.0,-0.0
0.0,247.06590635573187,0.0,-0.0,0.0
0.0,244.72629491088608,0.0,-0.0,-0.0
0.0,241.7789921816645,0.0,-0.0,-0.0
0.0,241.5359156679142,0.0,-0.0,0.0
0.0,239.07476596619313,0.0,0.0,-0.0
0.0,234.45631220493885,0.0,-0.0,-0.0
0.0,211.6375044766357,0.0,0.0,0.0
0.0,153.72452507564324,0.0,0.0,0.0
0.0,103.49884042200195,0.0,0.0,-0.0
0.0,65.36621232743443,0.0,-0.0,-0.0
0.0,38.172027351627364,0.0,0.0,-0.0
0.0,30.818962810682812,0.0,5.597880071415943,0.0
0.0,52.1489268922657,0.0,-0.0,-0.0
0.0,116.01728088013876,0.0,-0.0,-0.0
0.0,175.20641197831998,0.0,0.0,0.0
0.0,191.61407665646055,0.0,-0.0,-0.0
0.0,205.68212988975515,0.0,-0.0,0.0
0.0,213.06557899491844,0.0,0.0,0.0
0.0,218.2917240405483,0.0,0.0,-0.0
0.0,226.7082483291502,0.0,-0.0,0.0
0.0,230.41516516384107,0.0,-0.0,-0.0
0.0,233.87900548478183,0.0,0.0,-0.0
0.0,234.2132356911885,0.0,-0.0,0.0
0.0,231.53939403993596,0.0,-0.0,-0.0
0.0,225.76632683836797,0.0,0.0,-0.0
0.0,229.62516649415286,0.0,-0.0,0.0
0.0,228.652860439152,0.0,0.0,0.0
0.0,233.02823768665598,0.0,-0.0,0.0
0.0,242.90322105775923,0.0,0.0,0.0
0.0,253.47704940589435,0.0,-0.0,-0.0
0.0,253.53781853433176,0.0,0.0,0.0
0.0,234.000543741657,0.0,-0.0,0.0
0.0,214.46326894898218,0.0,-0.0,0.0
0.0,196.29329954615247,0.0,0.0,-0.0
0.0,176.75602475347773,0.0,0.0,0.0
0.0,161.38143525877558,0.0,0.0,0.0
0.0,164.23758429534075,0.0,0.0,-0.0
0.0,202.674058032096,0.0,0.0,0.0
0.0,249.67897887854687,0.0,-0.0,-0.0
0.0,259.46280855699365,0.0,-0.0,0.0
0.0,258.9462709652744,0.0,0.0,0.0
0.0,257.67011926808567,0.0,-0.0,-0.0
0.0,259.7058850707439,0.0,-0.0,-0.0
0.0,266.45125832731287,0.0,0.0,-0.0
0.0,275.17162825810243,0.0,-0.0,0.0
0.0,283.98315188154845,0.0,-0.0,0.0
0.0,290.4550640601482,0.0,-0.0,-0.0
0.0,290.880447959211,0.0,0.0,0.0
0.0,283.5881525467042,0.0,-0.0,-0.0
0.0,270.0366369051288,0.0,0.0,0.0
0.0,266.9070267905946,0.0,0.0,0.0
0.0,268.7908697721588,0.0,-0.0,0.0
0.0,273.2877852765382,0.0,0.0,0.0
0.0,272.19394096466215,0.0,-0.0,-0.0
0.0,255.17858500214572,0.0,-0.0,-0.0
0.0,221.5732569761765,0.0,-0.0,-0.0
0.0,191.46215383536665,0.0,0.0,-0.0
0.0,172.4110320701923,0.0,-0.0,0.0
0.0,162.50566413487047,0.0,-0.0,-0.0
0.0,160.40912920377477,0.0,-0.0,0.0
0.0,171.8033407858167,0.0,-0.0,-0.0
0.0,199.08867945428014,0.0,-0.0,0.0
0.0,224.70286709071067,0.0,0.0,-0.0
0.0,231.60016316837357,0.0,0.0,0.0
0.0,239.07476596619313,0.0,-0.0,-0.0
0.0,249.8309016996408,0.0,-0.0,-0.0
0.0,256.7585823415225,0.0,-0.0,0.0
0.0,256.63704408464724,0.0,-0.0,0.0
0.0,254.08474069026983,0.0,-0.0,-0.0
0.0,255.51281520855247,0.0,0.0,-0.0
0.0,256.7889669057411,0.0,-0.0,-0.0
0.0,259.55396224964994,0.0,-0.0,-0.0
0.0,264.7497227310611,0.0,0.0,-0.0
0.0,270.8570201390358,0.0,0.0,0.0
0.0,277.75431621669867,0.0,0.0,0.0
0.0,285.5023800924873,0.0,0.0,-0.0
0.0,294.860825871871,0.0,-0.0,0.0
0.0,303.2165810320354,0.0,-0.0,-0.0
0.0,295.22544064249644,0.0,-0.0,-0.0
0.0,270.0366369051288,0.0,-0.0,-0.0
0.0,248.82821108042126,0.0,0.0,0.0
0.0,236.30977062228422,0.0,0.0,0.0
0.0,232.26862358118674,0.0,0.0,0.0
0.0,237.09976929197242,0.0,-0.0,0.0
0.0,249.8309016996408,0.0,0.0,-0.0
0.0,277.35931688185434,0.0,0.0,-0.0
0.0,307.80465022907094,0.0,-0.0,-0.0
0.0,319.4419383248634,0.0,0.0,0.0
0.0,325.7923122465879,0.0,0.0,-0.0
0.0,328.98269148955995,0.0,-0.0,0.0
0.0,331.4742257554997,0.0,0.0,0.0
0.0,336.97383187909855,0.0,0.0,-0.0
0.0,342.4430534384789,0.0,0.0,0.0
0.0,350.13034818582963,0.0,-0.0,-0.0
0.0,360.2484080706831,0.0,-0.0,-0.0
0.0,366.05185983646993,0.0,0.0,-0.0
0.0,366.3860900428764,0.0,0.0,0.0
0.0,366.7810893777206,0.0,0.0,-0.0
0.0,368.78647061616005,0.0,0.0,-0.0
0.0,370.2753142628801,0.0,0.0,0.0
0.0,372.5845411435075,0.0,-0.0,-0.0
0.0,365.41378398787566,0.0,0.0,0.0
0.0,351.9230374747376,0.0,-0.0,-0.0
0.0,327.09884850799546,0.0,0.0,-0.0
0.0,306.68042135297605,0.0,0.0,-0.0
0.0,292.6731372481189,0.0,-0.0,0.0
0.0,283.34507603295384,0.0,0.0,-0.0
0.0,282.7981538770158,0.0,-0.0,0.0
0.0,293.34159766093205,0.0,-0.0,0.0
0.0,316.88963493048584,0.0,0.0,-0.0
0.0,342.0480541036347,0.0,0.0,0.0
0.0,349.8872716720796,0.0,-0.0,-0.0
0.0,353.1991891719266,0.0,-0.0,0.0
0.0,356.20726102958554,0.0,0.0,-0.0
0.0,359.5495630936514,0.0,-0.0,-0.0
0.0,362.1626356164662,0.0,0.0,0.0
0.0,365.1403229099066,0.0,0.0,0.0
0.0,369.0599316941291,0.0,0.0,-0.0
0.0,373.10107873522685,0.0,-0.0,0.0
0.0,376.47376536351123,0.0,-0.0,-0.0
0.0,380.08952850554573,0.0,0.0,-0.0
0.0,383.8875990328931,0.0,-0.0,-0.0
0.0,388.26297628039737,0.0,-0.0,-0.0
0.0,393.2764293764957,0.0,0.0,-0.0
0.0,399.77872611931446,0.0,0.0,-0.0
0.0,408.40794235744767,0.0,0.0,-0.0
0.0,397.4391146744686,0.0,-0.0,-0.0
0.0,365.778398758501,0.0,-0.0,-0.0
0.0,333.50999155815776,0.0,-0.0,-0.0
0.0,314.5500234856398,0.0,0.0,0.0
0.0,305.0092703209432,0.0,-0.0,-0.0
0.0,303.12542733937903,0.0,0.0,-0.0
0.0,309.7796469032916,0.0,-0.0,-0.0
0.0,342.3215151816036,0.0,-0.0,0.0
0.0,387.68566956024034,0.0,0.0,0.0
0.0,405.8556389630701,0.0,0.0,0.0
0.0,416.45985187542425,0.0,-0.0,-0.0
0.0,426.5475271960586,0.0,0.0,0.0
0.0,436.17943405341157,0.0,-0.0,0.0
0.0,445.6898026538893,0.0,-0.0,-0.0
0.0,454.95709474061704,0.0,0.0,0.0
0.0,465.804384166721,0.0,0.0,0.0
0.0,476.7124427212627,0.0,-0.0,-0.0
0.0,487.0735791198662,0.0,0.0,0.0
0.0,495.2470268947178,0.0,-0.0,0.0
0.0,501.1720169173796,0.0,0.0,0.0
0.0,502.99509077050624,0.0,0.0,-0.0
0.0,504.02816595394484,0.0,-0.0,-0.0
0.0,506.51970021988484,0.0,0.0,-0.0
0.0,510.80392377473265,0.0,-0.0,0.0
0.0,503.57239749066315,0.0,-0.0,0.0
0.0,463.1001579512496,0.0,0.0,-0.0
0.0,411.56793703620076,0.0,-0.0,0.0
0.0,378.38799290929416,0.0,-0.0,0.0
0.0,357.7568738047433,0.0,-0.0,0.0
0.0,353.685342199427,0.0,0.0,0.0
0.0,363.16532623568594,0.0,0.0,0.0
0.0,398.2898824725943,0.0,-0.0,-0.0
0.0,452.61748329577097,0.0,-0.0,0.0
0.0,477.5632105193884,0.0,0.0,-0.0
0.0,492.57318524346516,0.0,-0.0,-0.0
0.0,504.4839344172265,0.0,0.0,0.0
0.0,516.4250681552066,0.0,0.0,0.0
0.0,527.5458186592797,0.0,0.0,-0.0
0.0,533.8961925810042,0.0,0.0,0.0
0.0,539.8211826036662,0.0,-0.0,-0.0
0.0,546.6577095528918,0.0,0.0,-0.0
0.0,550.850779415083,0.0,-0.0,-0.0
0.0,553.8892358369609,0.0,0.0,-0.0
0.0,552.6130841397722,0.0,0.0,-0.0
0.0,549.0884746903938,0.0,-0.0,0.0
0.0,545.7157880621095,0.0,0.0,-0.0
0.0,542.6773316402314,0.0,0.0,0.0
0.0,541.0669497366363,0.0,0.0,0.0
0.0,530.3411985674073,0.0,0.0,0.0
0.0,486.830502606116,0.0,-0.0,-0.0
0.0,436.5744333882558,0.0,0.0,0.0
0.0,406.25063829791424,0.0,0.0,0.0
0.0,390.6025877252432,0.0,0.0,0.0
0.0,386.8045171978958,0.0,-0.0,0.0
0.0,394.4006582525906,0.0,-0.0,0.0
0.0,422.7190721044927,0.0,0.0,0.0
0.0,463.25208077234356,0.0,-0.0,-0.0
0.0,479.17359242298363,0.0,0.0,0.0
0.0,487.4685784547102,0.0,0.0,-0.0
0.0,494.12279801862286,0.0,0.0,-0.0
0.0,500.04778804128483,0.0,0.0,0.0
0.0,504.7270109309767,0.0,-0.0,0.0
0.0,507.58315996754203,0.0,0.0,0.0
0.0,509.1631573069185,0.0,0.0,-0.0
0.0,510.8343083389512,0.0,0.0,0.0
0.0,512.1408446003587,0.0,-0.0,0.0
0.0,513.4473808617663,0.0,0.0,0.0
0.0,515.3919929717681,0.0,0.0,-0.0
0.0,516.5466064120815,0.0,0.0,-0.0
0.0,515.3919929717681,0.0,0.0,0.0
0.0,513.8423801966105,0.0,-0.0,0.0
0.0,512.6877667562967,0.0,0.0,0.0
0.0,502.66086056409966,0.0,-0.0,-0.0
0.0,470.63552987750677,0.0,-0.0,-0.0
0.0,436.5440488240371,0.0,0.0,0.0
0.0,416.8548512102681,0.0,0.0,-0.0
0.0,406.8583295822901,0.0,0.0,0.0
0.0,403.91102685306856,0.0,0.0,-0.0
0.0,409.53217123354256,0.0,-0.0,0.0
0.0,430.0113675169996,0.0,-0.0,0.0
0.0,463.0697733870309,0.0,0.0,-0.0
0.0,483.123585771425,0.0,-0.0,-0.0
0.0,496.6751014130003,0.0,-0.0,-0.0
0.0,508.06931299504237,0.0,0.0,-0.0
0.0,518.2785265725523,0.0,0.0,-0.0
0.0,525.5100528566214,0.0,-0.0,-0.0
0.0,532.285810677409,0.0,-0.0,0.0
0.0,539.7300289110099,0.0,0.0,0.0
0.0,550.0911653096135,0.0,-0.0,-0.0
0.0,560.2092251944671,0.0,-0.0,-0.0
0.0,567.4103669143176,0.0,0.0,0.0
0.0,571.7857441618218,0.0,-0.0,0.0
0.0,575.3407381754187,0.0,-0.0,-0.0
0.0,573.8822790929175,0.0,-0.0,0.0
0.0,568.5345957904124,0.0,0.0,-0.0
0.0,563.7034500796266,0.0,0.0,-0.0
0.0,542.2215631769499,0.0,0.0,-0.0
0.0,486.58742609236583,0.0,-0.0,0.0
0.0,426.72983458137134,0.0,0.0,0.0
0.0,396.3756549268113,0.0,0.0,0.0
0.0,373.92146196913365,0.0,0.0,-0.0
0.0,361.5245597678719,0.0,-0.0,-0.0
0.0,363.68186382740515,0.0,-0.0,-0.0
0.0,394.2791199957154,0.0,-0.0,-0.0
0.0,437.27327836528775,0.0,-0.0,0.0
0.0,448.63710538311085,0.0,0.0,-0.0
0.0,451.0071013921758,0.0,-0.0,-0.0
0.0,452.1920993967083,0.0,-0.0,-0.0
0.0,452.9820980663965,0.0,-0.0,0.0
0.0,458.7855498321831,0.0,-0.0,0.0
0.0,466.5639982721904,0.0,0.0,0.0
0.0,468.2047647400045,0.0,-0.0,0.0
0.0,465.8347687309399,0.0,-0.0,-0.0
0.0,464.3459250842197,0.0,-0.0,0.0
0.0,460.60862368530985,0.0,0.0,-0.0
0.0,454.258249763585,0.0,0.0,0.0
0.0,451.49325441967625,0.0,0.0,0.0
0.0,453.19479001592765,0.0,0.0,-0.0
0.0,457.5397826992134,0.0,-0.0,0.0
0.0,462.12785189624884,0.0,-0.0,0.0
0.0,456.81055315796243,0.0,-0.0,-0.0
0.0,416.0952371047988,0.0,-0.0,0.0
0.0,361.7676362816222,0.0,0.0,-0.0
0.0,325.48846660440006,0.0,-0.0,0.0
0.0,303.30773472469167,0.0,0.0,-0.0
0.0,295.52928628468425,0.0,-0.0,-0.0
0.0,302.0619675917216,0.0,-0.0,0.0
0.0,344.20535816316806,0.0,-0.0,-0.0
0.0,391.93950855086945,0.0,-0.0,0.0
0.0,409.25871015557345,0.0,0.0,-0.0
0.0,417.31061967355,0.0,0.0,-0.0
0.0,423.56983990261824,0.0,-0.0,-0.0
0.0,427.39829499418454,0.0,-0.0,0.0
0.0,427.76290976480993,0.0,0.0,0.0
0.0,426.21329698965224,0.0,0.0,-0.0
0.0,423.69137815949347,0.0,-0.0,0.0
0.0,419.5590774257395,0.0,0.0,0.0
0.0,415.8521605910485,0.0,0.0,-0.0
0.0,409.86640143994913,0.0,-0.0,0.0
0.0,406.00756178416407,0.0,-0.0,-0.0
0.0,407.253328917134,0.0,0.0,0.0
0.0,411.3552450866692,0.0,-0.0,0.0
0.0,416.39908274698655,0.0,0.0,-0.0
0.0,424.57253052183813,0.0,0.0,0.0
0.0,416.4294673112053,0.0,-0.0,-0.0
0.0,363.2260953641234,0.0,-0.0,0.0
0.0,309.29349387579094,0.0,0.0,0.0
0.0,278.5443148863867,0.0,-0.0,0.0
0.0,258.0347340387112,0.0,0.0,0.0
0.0,252.62628160776836,0.0,0.0,-0.0
0.0,268.91240802903394,0.0,0.0,0.0
0.0,313.0611798389197,0.0,0.0,0.0
0.0,371.42992770319375,0.0,0.0,-0.0
0.0,405.5821778851012,0.0,-0.0,-0.0
0.0,427.5502178152784,0.0,-0.0,-0.0
0.0,444.0490361860754,0.0,-0.0,0.0
0.0,449.30556579592417,0.0,0.0,-0.0
0.0,450.9159476995195,0.0,0.0,-0.0
0.0,452.34402221780175,0.0,0.0,-0.0
0.0,455.8990162313991,0.0,0.0,0.0
0.0,460.63900824952856,0.0,-0.0,0.0
0.0,461.7632371256235,0.0,-0.0,0.0
0.0,458.7247807037455,0.0,-0.0,0.0
0.0,458.3905504973391,0.0,0.0,-0.0
0.0,458.3905504973391,0.0,0.0,0.0
0.0,456.23324643780563,0.0,-0.0,0.0
0.0,455.2305558185859,0.0,-0.0,0.0
0.0,455.07863299749204,0.0,-0.0,0.0
0.0,442.9248073099805,0.0,0.0,-0.0
0.0,402.0575684357229,0.0,0.0,0.0
0.0,358.94187180927577,0.0,-0.0,0.0
0.0,330.22845862252984,0.0,0.0,-0.0
0.0,314.06387045813926,0.0,-0.0,-0.0
0.0,310.02272341704185,0.0,0.0,-0.0
0.0,318.4392477056437,0.0,0.0,0.0
0.0,340.16421112207036,0.0,0.0,-0.0
0.0,361.85878997427847,0.0,-0.0,0.0
0.0,374.1341539186652,0.0,-0.0,0.0
0.0,388.1110534593034,0.0,-0.0,-0.0
0.0,403.4552583897868,0.0,0.0,-0.0
0.0,418.7083096276137,0.0,0.0,-0.0
0.0,433.0194393746587,0.0,-0.0,-0.0
0.0,443.74519054388753,0.0,-0.0,0.0
0.0,453.83286586452203,0.0,-0.0,-0.0
0.0,457.0232451074938,0.0,0.0,-0.0
0.0,456.5674766442124,0.0,0.0,0.0
0.0,454.0759423782725,0.0,0.0,0.0
0.0,453.7720967360847,0.0,-0.0,-0.0
0.0,451.70594636920754,0.0,-0.0,0.0
0.0,444.7782657273259,0.0,0.0,0.0
0.0,437.6986622643507,0.0,-0.0,0.0
0.0,433.23213132419005,0.0,0.0,-0.0
0.0,421.5644586641789,0.0,0.0,0.0
0.0,388.6883601794602,0.0,-0.0,0.0
0.0,352.25726768114424,0.0,-0.0,-0.0
0.0,323.1792397237731,0.0,-0.0,-0.0
0.0,302.3050441054719,0.0,0.0,0.0
0.0,289.0269895418655,0.0,-0.0,0.0
0.0,288.2977600006149,0.0,-0.0,0.0
0.0,319.25963093955056,0.0,0.0,0.0
0.0,354.3234180480213,0.0,-0.0,0.0
0.0,365.71762963006336,0.0,0.0,0.0
0.0,370.30569882709887,0.0,0.0,-0.0
0.0,374.1037693544463,0.0,-0.0,0.0
0.0,380.11991306976466,0.0,-0.0,0.0
0.0,387.8679769455531,0.0,0.0,-0.0
0.0,393.0333528627457,0.0,-0.0,0.0
0.0,402.02718387150395,0.0,0.0,-0.0
0.0,409.04601820604205,0.0,-0.0,0.0
0.0,409.4106329766674,0.0,0.0,-0.0
0.0,407.4356363024469,0.0,0.0,0.0
0.0,406.4329456832271,0.0,-0.0,0.0
0.0,405.9467926557265,0.0,0.0,-0.0
0.0,405.8556389630701,0.0,-0.0,0.0
0.0,396.92257708274946,0.0,-0.0,-0.0
0.0,390.66335685368097,0.0,0.0,-0.0
0.0,375.6229975653852,0.0,0.0,-0.0
0.0,336.63960167269215,0.0,0.0,-0.0
0.0,304.64465555031785,0.0,0.0,-0.0
0.0,278.513930322168,0.0,-0.0,-0.0
0.0,259.09819378636826,0.0,0.0,0.0
0.0,254.17589438292643,0.0,0.0,-0.0
0.0,269.06433085012776,0.0,-0.0,-0.0
0.0,295.07351782140256,0.0,0.0,0.0
0.0,304.7054246787555,0.0,0.0,-0.0
0.0,297.5650520873424,0.0,-0.0,0.0
0.0,294.49621110124576,0.0,0.0,-0.0
0.0,287.96352979420834,0.0,-0.0,-0.0
0.0,274.1993222031015,0.0,-0.0,-0.0
0.0,260.9820367679327,0.0,-0.0,0.0
0.0,249.07128759417125,0.0,-0.0,-0.0
0.0,244.48321839713566,0.0,-0.0,0.0
0.0,240.7763015624447,0.0,0.0,-0.0
0.0,239.28745791572464,0.0,-0.0,-0.0
0.0,239.50014986525602,0.0,0.0,0.0
0.0,239.9863028927565,0.0,-0.0,-0.0
0.0,239.65207268635,0.0,0.0,0.0
0.0,238.0416907827546,0.0,0.0,0.0
0.0,233.93977461321953,0.0,-0.0,0.0
0.0,231.47862491149843,0.0,-0.0,-0.0
0.0,214.03788504991923,0.0,-0.0,0.0
0.0,176.026795212227,0.0,0.0,0.0
0.0,142.6341591357891,0.0,-0.0,-0.0
0.0,123.97803670545876,0.0,0.0,0.0
0.0,117.01997149935845,0.0,0.0,0.0
0.0,117.08074062779599,0.0,-0.0,-0.0
0.0,129.44725826483904,0.0,-0.0,0.0
0.0,158.28220970846016,0.0,-0.0,-0.0
0.0,183.86601278067204,0.0,-0.0,-0.0
0.0,191.21907732161648,0.0,-0.0,0.0
0.0,199.57483248178065,0.0,-0.0,-0.0
0.0,208.84212456850818,0.0,-0.0,-0.0
0.0,216.28634280210906,0.0,0.0,0.0
0.0,221.8163334899267,0.0,0.0,-0.0
0.0,225.887865095243,0.0,-0.0,0.0
0.0,227.6501698199322,0.0,0.0,0.0
0.0,227.6197852557134,0.0,-0.0,-0.0
0.0,227.98440002633896,0.0,0.0,-0.0
0.0,230.26324234274728,0.0,0.0,-0.0
0.0,237.25169211306644,0.0,0.0,0.0
0.0,244.48321839713563,0.0,-0.0,0.0
0.0,249.4055178005779,0.0,0.0,0.0
0.0,252.8389735573,0.0,-0.0,0.0
0.0,255.4216615158962,0.0,0.0,0.0
0.0,244.72629491088608,0.0,-0.0,0.0
0.0,214.73673002695134,0.0,-0.0,-0.0
0.0,187.05639202364375,0.0,0.0,-0.0
0.0,167.06334876768724,0.0,-0.0,0.0
0.0,154.90952308017577,0.0,0.0,-0.0
0.0,152.6610653279861,0.0,-0.0,0.0
0.0,169.0687300061266,0.0,0.0,-0.0
0.0,201.61059828443882,0.0,0.0,0.0
0.0,223.7001764714912,0.0,-0.0,-0.0
0.0,227.80209264102604,0.0,-0.0,-0.0
0.0,232.02554706743635,0.0,0.0,0.0
0.0,235.70207933790869,0.0,0.0,0.0
0.0,241.5359156679142,0.0,0.0,0.0
0.0,245.30360163104265,0.0,0.0,0.0
0.0,244.42244926869816,0.0,0.0,0.0
0.0,232.66362291603082,0.0,-0.0,0.0
0.0,218.80826163226757,0.0,-0.0,-0.0
0.0,209.51058498132124,0.0,-0.0,0.0
0.0,205.59097619709894,0.0,0.0,0.0
0.0,206.22905204569315,0.0,0.0,-0.0
0.0,200.57752310100034,0.0,0.0,0.0
0.0,209.3586621602274,0.0,0.0,-0.0
0.0,232.17746988853014,0.0,0.0,-0.0
0.0,256.4547366993348,0.0,0.0,-0.0
0.0,271.3431731665362,0.0,0.0,0.0
0.0,274.62470610216434,0.0,0.0,0.0
0.0,270.58355906106686,0.0,0.0,-0.0
0.0,258.5208870662115,0.0,0.0,0.0
0.0,243.8755271127601,0.0,0.0,0.0
0.0,241.9612995669771,0.0,-0.0,-0.0
0.0,254.51012458933272,0.0,0.0,0.0
0.0,283.8008444962356,0.0,0.0,-0.0
0.0,321.84231889814674,0.0,0.0,0.0
0.0,338.9488285533191,0.0,-0.0,-0.0
0.0,351.71034552520644,0.0,-0.0,-0.0
0.0,365.26186116678167,0.0,-0.0,0.0
0.0,377.3853022900745,0.0,-0.0,0.0
0.0,388.5060527941476,0.0,-0.0,0.0
0.0,398.472189857907,0.0,0.0,0.0
0.0,404.64025639431907,0.0,0.0,0.0
0.0,407.34448260979053,0.0,-0.0,0.0
0.0,409.22832559135446,0.0,-0.0,0.0
0.0,412.05409006370115,0.0,0.0,0.0
0.0,411.9629363710448,0.0,0.0,0.0
0.0,408.1648658436974,0.0,0.0,-0.0
0.0,407.31409804557154,0.0,-0.0,0.0
0.0,407.9825584583846,0.0,0.0,-0.0
0.0,408.68140343541677,0.0,-0.0,0.0
0.0,395.55527169290406,0.0,0.0,0.0
0.0,364.89724639615633,0.0,0.0,0.0
0.0,339.7995963514449,0.0,0.0,0.0
0.0,323.0273169026792,0.0,0.0,-0.0
0.0,310.44810731610465,0.0,0.0,-0.0
0.0,304.73580924297414,0.0,0.0,-0.0
0.0,309.08080192625965,0.0,0.0,-0.0
0.0,332.0515324756564,0.0,-0.0,-0.0
0.0,366.0214752722513,0.0,-0.0,0.0
0.0,383.1887540558612,0.0,0.0,-0.0
0.0,393.30681394071456,0.0,-0.0,0.0
0.0,402.604490591661,0.0,-0.0,-0.0
0.0,411.9933209352636,0.0,-0.0,0.0
0.0,419.5590774257395,0.0,-0.0,-0.0
0.0,427.5502178152784,0.0,-0.0,-0.0
0.0,430.5279051087186,0.0,0.0,-0.0
0.0,430.9229044435629,0.0,-0.0,0.0
0.0,429.6467527463741,0.0,-0.0,-0.0
0.0,422.62791841183616,0.0,0.0,0.0
0.0,417.2194659808935,0.0,0.0,-0.0
0.0,407.80025107307216,0.0,0.0,-0.0
0.0,399.4748804771268,0.0,-0.0,0.0
0.0,399.2014193991575,0.0,-0.0,0.0
0.0,401.35872345869114,0.0,0.0,-0.0
0.0,391.36220183071293,0.0,0.0,-0.0
0.0,343.53689775035474,0.0,-0.0,-0.0
0.0,290.6981405738983,0.0,-0.0,0.0
0.0,256.4547366993348,0.0,-0.0,0.0
0.0,238.28476729650478,0.0,0.0,0.0
0.0,234.36515851228225,0.0,0.0,0.0
0.0,249.98282452073465,0.0,-0.0,-0.0
0.0,302.03158302750296,0.0,0.0,-0.0
0.0,355.2957241030222,0.0,0.0,-0.0
0.0,365.80878332271965,0.0,-0.0,0.0
0.0,371.8553116022566,0.0,0.0,0.0
0.0,375.68376669382275,0.0,0.0,-0.0
0.0,376.1699197213233,0.0,-0.0,0.0
0.0,372.00723442335067,0.0,0.0,0.0
0.0,369.0295471299103,0.0,-0.0,0.0
0.0,367.2976269694398,0.0,0.0,0.0
0.0,364.8364772677189,0.0,-0.0,-0.0
0.0,360.0964852495893,0.0,-0.0,-0.0
0.0,355.7818771305226,0.0,-0.0,0.0
0.0,351.77111465364396,0.0,0.0,0.0
0.0,348.8238119244224,0.0,0.0,-0.0
0.0,343.71920513566755,0.0,0.0,0.0
0.0,340.346518507383,0.0,-0.0,0.0
0.0,338.0069070625371,0.0,0.0,0.0
0.0,324.2426994714302,0.0,-0.0,0.0
0.0,277.9670081662302,0.0,0.0,-0.0
0.0,228.44016848962042,0.0,-0.0,0.0
0.0,187.72485243645684,0.0,0.0,-0.0
0.0,160.71297484596246,0.0,-0.0,-0.0
0.0,149.71376259876453,0.0,-0.0,0.0
0.0,164.4502762448722,0.0,-0.0,-0.0
0.0,214.09865417835687,0.0,-0.0,0.0
0.0,255.30012325902106,0.0,0.0,-0.0
0.0,275.20201282232125,0.0,0.0,-0.0
0.0,291.21467816561767,0.0,0.0,-0.0
0.0,305.67773073375656,0.0,-0.0,0.0
0.0,316.5554047240793,0.0,0.0,-0.0
0.0,321.9334725908031,0.0,0.0,-0.0
0.0,321.6296269486153,0.0,0.0,0.0
0.0,317.55809534329904,0.0,0.0,0.0
0.0,316.4642510314231,0.0,0.0,0.0
0.0,313.9119476370454,0.0,0.0,0.0
0.0,307.9261884859461,0.0,0.0,0.0
0.0,306.8019596098511,0.0,0.0,0.0
0.0,306.74119048141375,0.0,0.0,-0.0
0.0,306.46772940344465,0.0,-0.0,-0.0
0.0,306.4373448392258,0.0,0.0,0.0
0.0,310.0531079812605,0.0,0.0,-0.0
0.0,302.7608125687537,0.0,-0.0,-0.0
0.0,270.12779059778507,0.0,0.0,0.0
0.0,230.65824167759143,0.0,-0.0,-0.0
0.0,195.44253174802665,0.0,0.0,-0.0
0.0,173.44410725363082,0.0,0.0,0.0
0.0,168.0660393869069,0.0,-0.0,-0.0
0.0,188.66677392723898,0.0,-0.0,0.0
0.0,246.5189841997939,0.0,0.0,-0.0
0.0,303.398888417348,0.0,0.0,-0.0
0.0,319.8065530954885,0.0,-0.0,0.0
0.0,333.38845330128277,0.0,0.0,0.0
0.0,342.59497625957266,0.0,0.0,-0.0
0.0,347.94265956207784,0.0,-0.0,0.0
0.0,355.1438012819283,0.0,0.0,-0.0
0.0,358.7899489881816,0.0,0.0,-0.0
0.0,360.6434074055273,0.0,-0.0,-0.0
0.0,364.1984014191244,0.0,-0.0,0.0
0.0,367.692626304284,0.0,0.0,0.0
0.0,371.824927038038,0.0,0.0,-0.0
0.0,376.65607274882376,0.0,0.0,-0.0
0.0,382.3076016935165,0.0,0.0,-0.0
0.0,388.84028300055394,0.0,0.0,0.0
0.0,394.6133502021222,0.0,-0.0,-0.0
0.0,401.2675697660347,0.0,-0.0,0.0
0.0,382.58106277148573,0.0,-0.0,0.0
0.0,334.1176828425335,0.0,-0.0,0.0
0.0,291.548908372024,0.0,-0.0,0.0
0.0,264.5674153457486,0.0,-0.0,-0.0
0.0,256.51550582777213,0.0,0.0,-0.0
0.0,264.20280057512326,0.0,0.0,-0.0
0.0,283.16276864764114,0.0,-0.0,0.0
0.0,311.45079793532443,0.0,-0.0,-0.0
0.0,340.25536481472676,0.0,-0.0,0.0
0.0,356.96687513505503,0.0,-0.0,-0.0
0.0,372.18954180866325,0.0,0.0,-0.0
0.0,380.5756815330462,0.0,0.0,0.0
0.0,382.39875538617304,0.0,-0.0,0.0
0.0,381.06183456054674,0.0,-0.0,0.0
0.0,379.8768365560145,0.0,-0.0,-0.0
0.0,378.50953116616944,0.0,0.0,-0.0
0.0,376.777611005699,0.0,0.0,-0.0
0.0,378.2360700882003,0.0,-0.0,0.0
0.0,376.04838146444825,0.0,0.0,-0.0
0.0,370.54877534084903,0.0,-0.0,-0.0
0.0,364.28955511178077,0.0,-0.0,0.0
0.0,358.2430268322438,0.0,-0.0,0.0
0.0,356.57187580021093,0.0,-0.0,-0.0
0.0,357.39225903411796,0.0,0.0,-0.0
0.0,343.9015125209802,0.0,-0.0,0.0
0.0,309.38464756844724,0.0,-0.0,-0.0
0.0,275.65778128560294,0.0,-0.0,-0.0
0.0,255.8774299791778,0.0,-0.0,0.0
0.0,255.99896823605292,0.0,-0.0,-0.0
0.0,263.32164821277854,0.0,-0.0,0.0
0.0,270.5531744968481,0.0,0.0,0.0
0.0,279.2735444276374,0.0,0.0,0.0
0.0,291.7616003215556,0.0,0.0,-0.0
0.0,294.6177493581208,0.0,-0.0,0.0
0.0,297.5346675231236,0.0,-0.0,-0.0
0.0,299.3577413762504,0.0,0.0,0.0
0.0,300.0869709175012,0.0,-0.0,0.0
0.0,304.9788857567245,0.0,-0.0,-0.0
0.0,312.78771876095055,0.0,-0.0,0.0
0.0,317.22386513689236,0.0,-0.0,-0.0
0.0,319.6546302743945,0.0,-0.0,0.0
0.0,319.8673222239261,0.0,0.0,0.0
0.0,318.7430933478314,0.0,0.0,-0.0
0.0,317.83155642126786,0.0,-0.0,-0.0
0.0,318.651939655175,0.0,0.0,0.0
0.0,320.35347525142663,0.0,-0.0,0.0
0.0,322.3892410540848,0.0,0.0,0.0
0.0,328.89153779690326,0.0,0.0,0.0
0.0,327.2811558933081,0.0,-0.0,0.0
0.0,302.6696588760973,0.0,-0.0,-0.0
0.0,275.8704732351342,0.0,-0.0,-0.0
0.0,257.913195781836,0.0,0.0,-0.0
0.0,247.55205938323232,0.0,-0.0,0.0
0.0,245.97206204385583,0.0,0.0,-0.0
0.0,256.57627495620983,0.0,-0.0,-0.0
0.0,294.860825871871,0.0,-0.0,0.0
0.0,335.18114259019063,0.0,-0.0,0.0
0.0,346.4538159153576,0.0,-0.0,-0.0
0.0,348.97573474551626,0.0,0.0,0.0
0.0,353.04726635083244,0.0,-0.0,0.0
0.0,358.6076416028691,0.0,-0.0,0.0
0.0,364.7757081392814,0.0,-0.0,0.0
0.0,371.03492836834977,0.0,0.0,0.0
0.0,373.28338612053943,0.0,-0.0,-0.0
0.0,372.6149257077262,0.0,-0.0,0.0
30.793940021622944,209.25780488878868,0.0,0.0,0.0
8.216650745314666,192.45379616042885,0.0,0.0,0.0
0.0,198.2146324040944,0.0,0.0,0.0
0.0,197.9776678469177,0.0,-0.0,-0.0
0.0,198.17154793915327,0.0,-0.0,0.0
0.0,198.0853790092708,0.0,-0.0,0.0
0.0,196.10349362197505,0.0,-0.0,-0.0
0.0,181.60557116925693,0.0,-0.0,0.0
0.0,153.98842914193972,0.0,0.0,-0.0
0.0,130.658191376273,0.0,0.0,0.0
0.0,114.1783835362592,0.0,-0.0,-0.0
0.0,104.01044981013301,0.0,-0.0,0.0
0.0,101.42538191366029,0.0,-0.0,0.0
0.0,108.060389514607,0.0,0.0,0.0
0.0,128.26700357203572,0.0,-0.0,-0.0
0.0,149.35684916075928,0.0,-0.0,0.0
0.0,154.00997137441033,0.0,0.0,0.0
0.0,155.56101211229392,0.0,-0.0,0.0
0.0,161.54975273912248,0.0,0.0,0.0
0.0,165.79357253583197,0.0,-0.0,0.0
0.0,168.31401373489285,0.0,-0.0,0.0
0.0,169.30495642854078,0.0,-0.0,0.0
0.0,169.15416080124652,0.0,0.0,-0.0
0.0,168.70177391936375,0.0,-0.0,0.0
0.0,171.17913065348353,0.0,-0.0,0.0
0.0,179.79602364172598,0.0,0.0,-0.0
0.0,192.05355391750106,0.0,-0.0,-0.0
0.0,200.4119401160962,0.0,-0.0,-0.0
0.0,204.6126754478646,0.0,0.0,0.0
0.0,205.62516037398294,0.0,-0.0,-0.0
0.0,206.0344627909245,0.0,-0.0,0.0
0.0,200.32577118621376,0.0,0.0,0.0
0.0,184.0613856709061,0.0,-0.0,0.0
0.0,170.20973019230618,0.0,-0.0,0.0
0.0,164.91034100453703,0.0,-0.0,0.0
0.0,168.50789382712836,0.0,0.0,-0.0
0.0,176.1123018892524,0.0,0.0,0.0
0.0,186.88341812455548,0.0,0.0,0.0
0.0,200.86432699797896,0.0,0.0,0.0
0.0,214.17742666481362,0.0,-0.0,0.0
0.0,223.05282644270343,0.0,-0.0,0.0
0.0,229.86017190341514,0.0,-0.0,0.0
0.0,237.96005131236302,0.0,0.0,0.0
0.0,248.60191415284257,0.0,-0.0,0.0
0.0,260.9025288935587,0.0,-0.0,-0.0
0.0,273.4401081914517,0.0,0.0,-0.0
0.0,282.7248103862829,0.0,0.0,-0.0
0.0,289.2736490573473,0.0,0.0,0.0
0.0,295.4347275439408,0.0,-0.0,-0.0
0.0,298.2783022300606,0.0,-0.0,-0.0
0.0,297.5243240935895,0.0,-0.0,-0.0
0.0,296.29641684276504,0.0,-0.0,-0.0
0.0,294.29298922299853,0.0,-0.0,0.0
0.0,293.4528421566449,0.0,0.0,-0.0
0.0,294.46532708276345,0.0,-0.0,-0.0
0.0,288.6489243156998,0.0,0.0,0.0
0.0,269.971808763684,0.0,0.0,0.0
0.0,253.77204994578824,0.0,0.0,0.0
0.0,245.52137490954593,0.0,-0.0,-0.0
0.0,243.99187640413285,0.0,-0.0,-0.0
0.0,245.19824142248692,0.0,0.0,0.0
0.0,246.96470448507648,0.0,0.0,-0.0
0.0,252.1132980455515,0.0,-0.0,0.0
0.0,260.79481773120574,0.0,0.0,-0.0
0.0,266.1157491514455,0.0,0.0,0.0
0.0,268.70081704791824,0.0,0.0,0.0
0.0,271.9321519185093,0.0,-0.0,-0.0
0.0,275.48662027615933,0.0,0.0,-0.0
0.0,282.66018368887126,0.0,0.0,0.0
0.0,291.21244997970194,0.0,-0.0,0.0
0.0,297.610493023472,0.0,-0.0,-0.0
0.0,302.0481929124168,0.0,-0.0,-0.0
0.0,305.1718166206546,0.0,0.0,-0.0
0.0,308.70474274583427,0.0,-0.0,-0.0
0.0,312.34538003336695,0.0,-0.0,0.0
0.0,314.5642299778392,0.0,-0.0,0.0
0.0,315.3828348117223,0.0,-0.0,-0.0
0.0,315.0812435571336,0.0,-0.0,-0.0
0.0,315.9644750884286,0.0,0.0,-0.0
0.0,304.5040074140661,0.0,0.0,0.0
0.0,277.16691440886655,0.0,-0.0,0.0
0.0,257.4342294657913,0.0,0.0,-0.0
0.0,247.0724156474295,0.0,0.0,0.0
0.0,240.69591483613013,0.0,-0.0,-0.0
0.0,238.0677624747163,0.0,0.0,0.0
0.0,239.6618876775408,0.0,-0.0,-0.0
0.0,246.16764188366403,0.0,0.0,0.0
0.0,251.98404465072795,0.0,0.0,-0.0
0.0,250.79922186484433,0.0,0.0,0.0
0.0,247.2662957396649,0.0,-0.0,0.0
0.0,244.3796365886037,0.0,0.0,-0.0
0.0,242.2684978064844,0.0,-0.0,-0.0
0.0,240.73899930107123,0.0,-0.0,-0.0
0.0,239.16641633071697,0.0,-0.0,0.0
0.0,236.15050378483218,0.0,-0.0,-0.0
0.0,233.75931598059486,0.0,0.0,0.0
0.0,231.8420572907108,0.0,0.0,-0.0
0.0,230.39872771518026,0.0,0.0,-0.0
0.0,229.40778502153236,0.0,-0.0,0.0
0.0,228.0721666083547,0.0,-0.0,-0.0
0.0,226.13336568600016,0.0,-0.0,-0.0
0.0,223.87143127658652,0.0,-0.0,-0.0
0.0,220.4246740812895,0.0,0.0,-0.0
0.0,213.50961745822485,0.0,0.0,0.0
0.0,204.41879535562904,0.0,0.0,-0.0
0.0,196.81438729350504,0.0,-0.0,-0.0
0.0,189.66236611326366,0.0,0.0,0.0
0.0,182.85502065255213,0.0,0.0,0.0
0.0,175.70299947231086,0.0,-0.0,-0.0
0.0,173.29026943560288,0.0,0.0,-0.0
0.0,176.28463974901715,0.0,-0.0,-0.0
0.0,183.8890478111412,0.0,0.0,0.0
0.0,186.66799579984948,0.0,-0.0,-0.0
0.0,187.07729821679095,0.0,-0.0,-0.0
0.0,188.86530351185132,0.0,0.0,0.0
0.0,189.27460592879285,0.0,0.0,-0.0
0.0,189.46848602102833,0.0,0.0,0.0
0.0,190.97644229397076,0.0,-0.0,-0.0
0.0,192.37668740456,0.0,-0.0,-0.0
0.0,193.3460878657375,0.0,-0.0,0.0
0.0,195.34951548550376,0.0,0.0,-0.0
0.0,197.22368971044665,0.0,0.0,0.0
0.0,198.9686105405657,0.0,-0.0,-0.0
0.0,200.30422895374318,0.0,-0.0,0.0
0.0,202.37228327092126,0.0,0.0,-0.0
0.0,208.40410836269123,0.0,0.0,-0.0
0.0,217.47338823281646,0.0,-0.0,0.0
0.0,215.79309410010913,0.0,-0.0,0.0
0.0,199.93801100174304,0.0,-0.0,0.0
0.0,187.37888947137947,0.0,-0.0,-0.0
0.0,181.4332333094921,0.0,0.0,-0.0
0.0,179.02050327278428,0.0,-0.0,-0.0
0.0,180.91621973019753,0.0,-0.0,0.0
0.0,186.68953803232006,0.0,-0.0,0.0
0.0,200.6058202083316,0.0,-0.0,0.0
0.0,216.91329018858082,0.0,0.0,0.0
0.0,223.22516430246841,0.0,0.0,0.0
0.0,227.66286419141323,0.0,-0.0,0.0
0.0,231.10962138671042,0.0,-0.0,0.0
0.0,232.20827524271107,0.0,0.0,-0.0
0.0,232.35907087000533,0.0,-0.0,-0.0
0.0,231.92822622059336,0.0,0.0,-0.0
0.0,232.2298174751818,0.0,0.0,0.0
0.0,234.3840407222424,0.0,-0.0,-0.0
0.0,237.9169668474218,0.0,0.0,-0.0
0.0,243.0871026403674,0.0,0.0,-0.0
0.0,247.78330931895962,0.0,0.0,-0.0
0.0,252.7595650196696,0.0,-0.0,0.0
0.0,258.2959187646154,0.0,0.0,0.0
0.0,264.1554059966204,0.0,-0.0,-0.0
0.0,268.42076802580044,0.0,-0.0,0.0
0.0,259.3299459232045,0.0,-0.0,-0.0
0.0,233.52235142341814,0.0,-0.0,-0.0
0.0,209.15808649916235,0.0,0.0,0.0
0.0,197.0082673857406,0.0,0.0,0.0
0.0,189.79161950808736,0.0,-0.0,-0.0
0.0,186.73262249726127,0.0,0.0,0.0
0.0,189.4254015560872,0.0,-0.0,-0.0
0.0,203.06163470998095,0.0,0.0,0.0
0.0,222.96665751282106,0.0,-0.0,0.0
0.0,233.37155579612389,0.0,0.0,-0.0
0.0,239.1448740982465,0.0,0.0,-0.0
0.0,243.10864487283797,0.0,-0.0,-0.0
0.0,245.41366374719283,0.0,0.0,-0.0
0.0,247.54634476178285,0.0,-0.0,0.0
0.0,248.86042094248978,0.0,-0.0,0.0
0.0,249.67902577637295,0.0,-0.0,-0.0
0.0,253.0396140417876,0.0,0.0,-0.0
0.0,256.0986110526136,0.0,-0.0,-0.0
0.0,259.2653192257926,0.0,-0.0,0.0
0.0,259.3084036907338,0.0,-0.0,0.0
0.0,253.51354315614088,0.0,-0.0,-0.0
0.0,245.80142393166372,0.0,-0.0,0.0
0.0,234.47020965212477,0.0,-0.0,-0.0
0.0,222.44964393352657,0.0,0.0,0.0
0.0,209.99823356551616,0.0,-0.0,0.0
0.0,195.56493781020995,0.0,0.0,0.0
0.0,181.08855758996242,0.0,0.0,0.0
0.0,169.4772942883057,0.0,-0.0,-0.0
0.0,159.37398725959122,0.0,-0.0,-0.0
0.0,154.37618932641055,0.0,-0.0,0.0
0.0,157.9521999165312,0.0,-0.0,-0.0
0.0,170.25281465724754,0.0,-0.0,0.0
0.0,181.7994512614924,0.0,-0.0,0.0
0.0,182.2087536784338,0.0,-0.0,0.0
0.0,182.25183814337518,0.0,-0.0,-0.0
0.0,182.89810511749337,0.0,-0.0,-0.0
0.0,184.01830120596497,0.0,-0.0,0.0
0.0,185.2892929217306,0.0,0.0,0.0
0.0,187.185009379144,0.0,0.0,0.0
0.0,187.68048072596798,0.0,0.0,-0.0
0.0,188.62833895467466,0.0,0.0,-0.0
0.0,191.06261122385314,0.0,-0.0,0.0
0.0,194.78941744126797,0.0,-0.0,0.0
0.0,196.70667613115208,0.0,0.0,0.0
0.0,198.06383677680031,0.0,-0.0,-0.0
0.0,200.56273574339053,0.0,-0.0,-0.0
0.0,205.58207590904172,0.0,-0.0,0.0
0.0,211.0753451890464,0.0,0.0,0.0
0.0,208.25331273539697,0.0,-0.0,-0.0
0.0,194.16469269962042,0.0,-0.0,0.0
0.0,184.6430259476125,0.0,-0.0,-0.0
0.0,183.93213227608243,0.0,-0.0,-0.0
0.0,188.62833895467466,0.0,0.0,0.0
0.0,194.68170627891507,0.0,-0.0,0.0
0.0,202.26457210856836,0.0,-0.0,-0.0
0.0,212.9279771815184,0.0,-0.0,0.0
0.0,223.67755118435113,0.0,0.0,-0.0
0.0,228.933855907179,0.0,-0.0,-0.0
0.0,233.65160481824182,0.0,-0.0,-0.0
0.0,237.31378433824486,0.0,-0.0,-0.0
0.0,240.58820367377697,0.0,0.0,0.0
0.0,244.20729872883885,0.0,-0.0,0.0
0.0,246.29689527848763,0.0,-0.0,-0.0
0.0,249.18355442954893,0.0,0.0,0.0
0.0,253.68588101590564,0.0,-0.0,-0.0
0.0,258.68367894908636,0.0,-0.0,-0.0
0.0,263.5306812549728,0.0,0.0,-0.0
0.0,266.9989806827404,0.0,-0.0,0.0
0.0,269.15320392980107,0.0,0.0,-0.0
0.0,272.1691164756858,0.0,0.0,-0.0
0.0,275.2496557189827,0.0,0.0,-0.0
0.0,276.8868653867486,0.0,0.0,-0.0
0.0,267.235945239917,0.0,0.0,0.0
0.0,243.97033417166222,0.0,0.0,-0.0
0.0,224.60386718058717,0.0,0.0,-0.0
0.0,212.38942136975334,0.0,-0.0,0.0
0.0,205.7328715363359,0.0,-0.0,0.0
0.0,204.35416865821716,0.0,0.0,-0.0
0.0,209.00729087186818,0.0,-0.0,0.0
0.0,224.30227592599877,0.0,-0.0,-0.0
0.0,247.6971403890771,0.0,-0.0,0.0
0.0,259.5022837829694,0.0,-0.0,-0.0
0.0,265.0386375279152,0.0,-0.0,0.0
0.0,270.38111118062574,0.0,-0.0,0.0
0.0,277.08074547898417,0.0,0.0,0.0
0.0,283.58649968510747,0.0,0.0,0.0
0.0,291.6863790940552,0.0,-0.0,0.0
0.0,300.3248143147685,0.0,-0.0,-0.0
0.0,308.2308136314808,0.0,-0.0,-0.0
0.0,314.4349765830155,0.0,-0.0,0.0
0.0,320.55297060466785,0.0,-0.0,-0.0
0.0,326.5632534639669,0.0,-0.0,0.0
0.0,331.6687625595005,0.0,0.0,-0.0
0.0,336.9896939797404,0.0,0.0,-0.0
0.0,345.1326578536296,0.0,-0.0,0.0
0.0,352.99557270540095,0.0,0.0,0.0
0.0,346.44673403433654,0.0,-0.0,0.0
0.0,314.9304479298395,0.0,0.0,0.0
0.0,286.8393767881688,0.0,-0.0,0.0
0.0,272.6430455900392,0.0,-0.0,-0.0
0.0,264.0046103693262,0.0,-0.0,0.0
0.0,260.8809866610881,0.0,-0.0,0.0
0.0,264.6077928785031,0.0,0.0,-0.0
0.0,283.3926195928718,0.0,0.0,-0.0
0.0,316.5030309001939,0.0,-0.0,0.0
0.0,323.97818556749417,0.0,-0.0,0.0
0.0,315.94293285595796,0.0,0.0,-0.0
0.0,301.8973972851226,0.0,-0.0,0.0
0.0,285.9992297218152,0.0,-0.0,0.0
0.0,277.27462557121964,0.0,0.0,0.0
0.0,271.4366805716854,0.0,0.0,0.0
0.0,266.69738942815195,0.0,-0.0,-0.0
0.0,264.1554059966204,0.0,0.0,-0.0
0.0,263.8322725095611,0.0,-0.0,0.0
0.0,265.27560208509186,0.0,-0.0,-0.0
0.0,264.62933511097367,0.0,0.0,0.0
0.0,259.846959502499,0.0,-0.0,-0.0
0.0,253.21195190155228,0.0,-0.0,-0.0
0.0,245.49983267707535,0.0,-0.0,0.0
0.0,238.52014935659886,0.0,-0.0,0.0
0.0,222.98819974529178,0.0,-0.0,-0.0
0.0,201.14437602009684,0.0,-0.0,-0.0
0.0,181.62711340172757,0.0,-0.0,-0.0
0.0,167.7323734581865,0.0,-0.0,-0.0
0.0,158.21070670617848,0.0,-0.0,0.0
0.0,152.78206412358574,0.0,-0.0,0.0
0.0,155.23787862523488,0.0,0.0,0.0
0.0,167.7754579231277,0.0,-0.0,0.0
0.0,183.11352744219943,0.0,0.0,-0.0
0.0,190.22246415749956,0.0,-0.0,0.0
0.0,193.7338480502084,0.0,0.0,-0.0
0.0,198.27925910150623,0.0,-0.0,-0.0
0.0,198.1930901716239,0.0,0.0,0.0
0.0,195.65110674009227,0.0,0.0,-0.0
0.0,190.15783746008773,0.0,-0.0,0.0
0.0,188.39137439749788,0.0,0.0,-0.0
0.0,187.2927205414971,0.0,-0.0,0.0
0.0,187.27117830902642,0.0,-0.0,0.0
0.0,188.95147244173376,0.0,-0.0,-0.0
0.0,191.19186461867682,0.0,0.0,-0.0
0.0,193.3460878657375,0.0,-0.0,0.0
0.0,196.53433827138724,0.0,-0.0,0.0
0.0,203.44939489445176,0.0,-0.0,-0.0
0.0,208.51181952504425,0.0,0.0,0.0
0.0,194.8109596737386,0.0,0.0,0.0
0.0,168.55097829206957,0.0,0.0,-0.0
0.0,150.52012971417213,0.0,-0.0,0.0
0.0,138.2410572059265,0.0,-0.0,0.0
0.0,132.46773890380396,0.0,-0.0,-0.0
0.0,133.5233082948637,0.0,-0.0,-0.0
0.0,139.96443580357493,0.0,0.0,0.0
0.0,152.6958951937033,0.0,-0.0,0.0
0.0,161.7651750638285,0.0,0.0,-0.0
0.0,158.21070670617848,0.0,0.0,0.0
0.0,155.21633639276428,0.0,-0.0,0.0
0.0,154.7639495108815,0.0,0.0,-0.0
0.0,154.91474513817576,0.0,0.0,0.0
0.0,154.50544272123423,0.0,0.0,-0.0
0.0,152.91131751840936,0.0,-0.0,0.0
0.0,153.8160912821748,0.0,0.0,0.0
0.0,155.06554076547002,0.0,0.0,0.0
0.0,153.83763351464546,0.0,-0.0,-0.0
0.0,155.17325192782303,0.0,0.0,0.0
0.0,157.71523535935464,0.0,-0.0,-0.0
0.0,159.4601561894737,0.0,0.0,0.0
0.0,161.61437943653436,0.0,0.0,-0.0
0.0,164.80262984218407,0.0,-0.0,0.0
0.0,166.95685308924462,0.0,-0.0,-0.0
0.0,159.37398725959122,0.0,-0.0,-0.0
0.0,145.32845168875596,0.0,-0.0,-0.0
0.0,137.12086111745498,0.0,-0.0,-0.0
0.0,135.7637004718068,0.0,-0.0,-0.0
0.0,138.49956399557385,0.0,0.0,-0.0
0.0,144.4883046224023,0.0,-0.0,-0.0
0.0,152.32967724170297,0.0,-0.0,0.0
0.0,167.58157783089223,0.0,0.0,-0.0
0.0,185.61242640878984,0.0,-0.0,-0.0
0.0,192.3551451720895,0.0,0.0,-0.0
0.0,196.44816934150464,0.0,-0.0,0.0
0.0,201.98452308645065,0.0,0.0,0.0
0.0,210.85992286434026,0.0,0.0,0.0
0.0,222.83740411799732,0.0,-0.0,-0.0
0.0,236.77522852647962,0.0,-0.0,-0.0
0.0,248.8173364775487,0.0,-0.0,-0.0
0.0,258.317460997086,0.0,0.0,-0.0
0.0,263.7676458121493,0.0,-0.0,0.0
0.0,262.7982453509721,0.0,0.0,-0.0
0.0,258.8775590413219,0.0,0.0,-0.0
0.0,252.1132980455515,0.0,-0.0,0.0
0.0,243.90570747425056,0.0,-0.0,0.0
0.0,237.01219308365634,0.0,0.0,-0.0
0.0,233.45772472600635,0.0,0.0,0.0
0.0,224.77620504035184,0.0,-0.0,0.0
0.0,206.4653074403366,0.0,-0.0,0.0
0.0,189.79161950808736,0.0,-0.0,-0.0
0.0,178.99896104031362,0.0,-0.0,-0.0
0.0,170.14510349489444,0.0,0.0,0.0
0.0,166.76297299700911,0.0,-0.0,-0.0
0.0,170.25281465724754,0.0,0.0,-0.0
0.0,182.44571823561066,0.0,0.0,-0.0
0.0,199.67950421209568,0.0,0.0,0.0
0.0,205.17277349210025,0.0,-0.0,-0.0
0.0,205.43128028174746,0.0,0.0,0.0
0.0,204.3326264257465,0.0,0.0,-0.0
0.0,203.21243033727498,0.0,-0.0,0.0
0.0,203.49247935939306,0.0,-0.0,-0.0
0.0,205.237400189512,0.0,0.0,0.0
0.0,207.69321469116124,0.0,0.0,-0.0
0.0,208.40410836269123,0.0,0.0,0.0
0.0,208.684157384809,0.0,-0.0,-0.0
0.0,209.6104733810452,0.0,-0.0,0.0
0.0,210.7737539344578,0.0,-0.0,-0.0
0.0,213.57424415563688,0.0,-0.0,-0.0
0.0,219.60606924740668,0.0,-0.0,0.0
0.0,229.83862967094447,0.0,0.0,0.0
0.0,240.56666144130637,0.0,0.0,0.0
0.0,236.4520950394207,0.0,-0.0,0.0
0.0,205.88366716363024,0.0,-0.0,0.0
0.0,165.0180521668901,0.0,0.0,0.0
0.0,136.7546431654546,0.0,0.0,0.0
0.0,124.62636628450326,0.0,0.0,-0.0
0.0,120.51179988261747,0.0,-0.0,-0.0
0.0,123.87238814803204,0.0,0.0,0.0
0.0,141.66627216875287,0.0,0.0,0.0
0.0,162.79920222241762,0.0,-0.0,0.0
0.0,181.08855758996242,0.0,0.0,-0.0
0.0,200.84278476550847,0.0,-0.0,0.0
0.0,219.56298478246526,0.0,0.0,-0.0
0.0,225.89640112882344,0.0,-0.0,-0.0
0.0,224.8623739702345,0.0,0.0,0.0
0.0,221.8895458892907,0.0,-0.0,-0.0
0.0,220.9632298930547,0.0,0.0,0.0
0.0,221.50178570481984,0.0,0.0,0.0
0.0,220.55392747611322,0.0,0.0,-0.0
0.0,217.1933392106986,0.0,-0.0,-0.0
0.0,215.79309410010922,0.0,-0.0,0.0
0.0,216.15931205210944,0.0,-0.0,0.0
0.0,214.86677810387303,0.0,-0.0,-0.0
0.0,214.5221023843435,0.0,0.0,-0.0
0.0,215.62075624034438,0.0,-0.0,0.0
0.0,202.65233229303922,0.0,0.0,0.0
0.0,167.7323734581865,0.0,-0.0,0.0
0.0,128.56859482662423,0.0,-0.0,-0.0
0.0,105.28144152589871,0.0,-0.0,-0.0
0.0,90.50347005106289,0.0,0.0,-0.0
0.0,85.46258765294098,0.0,0.0,0.0
0.0,94.31644519836016,0.0,-0.0,0.0
0.0,119.69319504873438,0.0,0.0,-0.0
0.0,150.19699622711295,0.0,-0.0,0.0
0.0,166.3105861151265,0.0,0.0,-0.0
0.0,174.32429659419205,0.0,0.0,0.0
0.0,176.6939421659588,0.0,-0.0,-0.0
0.0,171.2006728859541,0.0,0.0,0.0
0.0,167.19381764642142,0.0,0.0,0.0
0.0,168.31401373489285,0.0,-0.0,0.0
0.0,171.78231316266047,0.0,0.0,0.0
0.0,173.97962087466246,0.0,-0.0,0.0
0.0,176.67239993348812,0.0,-0.0,-0.0
0.0,182.31646484078698,0.0,0.0,0.0
0.0,191.98892722008932,0.0,0.0,-0.0
0.0,204.37571089068777,0.0,0.0,0.0
0.0,215.75000963516806,0.0,-0.0,-0.0
0.0,226.090281221059,0.0,0.0,-0.0
0.0,235.8058280653024,0.0,0.0,0.0
0.0,234.44866741965436,0.0,0.0,0.0
0.0,220.33850515140713,0.0,0.0,0.0
0.0,203.36322596456938,0.0,0.0,-0.0
0.0,189.25306369632222,0.0,0.0,-0.0
0.0,181.4763177744334,0.0,-0.0,0.0
0.0,180.95930419513883,0.0,0.0,0.0
0.0,187.42197393632068,0.0,-0.0,-0.0
0.0,210.98917625916403,0.0,0.0,-0.0
0.0,258.8775590413219,0.0,0.0,0.0
0.0,282.9833171759303,0.0,0.0,0.0
0.0,299.4846672484148,0.0,0.0,0.0
0.0,312.99164700748497,0.0,-0.0,0.0
0.0,325.20609281831855,0.0,-0.0,-0.0
0.0,336.9896939797404,0.0,-0.0,-0.0
0.0,347.35150779810203,0.0,-0.0,0.0
0.0,358.2518774282289,0.0,0.0,-0.0
0.0,370.1862742169447,0.0,-0.0,-0.0
0.0,381.7329108211896,0.0,-0.0,-0.0
0.0,389.6604523703728,0.0,0.0,0.0
0.0,392.13780910449265,0.0,0.0,-0.0
0.0,388.06632716754797,0.0,-0.0,0.0
0.0,382.8315646771908,0.0,0.0,-0.0
0.0,377.3167531647155,0.0,0.0,-0.0
0.0,371.4141814677693,0.0,0.0,-0.0
0.0,353.6202974470485,0.0,-0.0,-0.0
0.0,313.40094942442647,0.0,0.0,-0.0
0.0,275.29274018392374,0.0,-0.0,-0.0
0.0,250.41146168037358,0.0,0.0,-0.0
0.0,233.43618249353574,0.0,-0.0,0.0
0.0,224.94854290011676,0.0,-0.0,-0.0
0.0,226.47804140552986,0.0,-0.0,0.0
0.0,244.530432215898,0.0,-0.0,-0.0
0.0,281.0660584860462,0.0,0.0,0.0
0.0,301.8973972851226,0.0,-0.0,0.0
0.0,311.09593055007156,0.0,-0.0,0.0
0.0,315.27512364936916,0.0,-0.0,-0.0
0.0,318.33412066019525,0.0,-0.0,-0.0
0.0,319.56202791102,0.0,-0.0,-0.0
0.0,319.6266546084318,0.0,0.0,-0.0
0.0,320.8330196267855,0.0,-0.0,0.0
0.0,323.6550520804351,0.0,0.0,-0.0
0.0,326.11086658208416,0.0,-0.0,0.0
0.0,330.41931307620547,0.0,-0.0,0.0
0.0,335.20168868468005,0.0,-0.0,0.0
0.0,339.1439172268012,0.0,0.0,0.0
0.0,344.46484864704075,0.0,0.0,-0.0
0.0,351.5737853623407,0.0,0.0,0.0
0.0,356.5715832955215,0.0,-0.0,0.0
0.0,341.34122493880295,0.0,-0.0,-0.0
0.0,299.9801385952386,0.0,-0.0,-0.0
0.0,252.02712911566894,0.0,-0.0,-0.0
0.0,221.58795463470219,0.0,-0.0,0.0
0.0,204.46187982057035,0.0,0.0,0.0
0.0,196.66359166621078,0.0,0.0,0.0
0.0,199.35637072503653,0.0,-0.0,0.0
0.0,219.88611826952427,0.0,0.0,-0.0
0.0,254.159810130259,0.0,-0.0,-0.0
0.0,273.91403730580515,0.0,-0.0,-0.0
0.0,287.63643938958126,0.0,-0.0,-0.0
0.0,299.0107381340614,0.0,0.0,0.0
0.0,308.2738980964222,0.0,0.0,0.0
0.0,315.29666588183983,0.0,-0.0,-0.0
0.0,320.25137935007933,0.0,-0.0,-0.0
0.0,323.6119676154938,0.0,-0.0,-0.0
0.0,326.11086658208416,0.0,0.0,-0.0
0.0,328.8682723383218,0.0,0.0,0.0
0.0,333.28442999479597,0.0,0.0,-0.0
0.0,338.4761080202123,0.0,-0.0,0.0
0.0,342.39679432986264,0.0,-0.0,0.0
0.0,346.70524082398384,0.0,-0.0,-0.0
0.0,352.3493057312828,0.0,0.0,0.0
0.0,357.0670546423454,0.0,-0.0,0.0
0.0,342.5260477246862,0.0,0.0,-0.0
0.0,304.9133098310075,0.0,-0.0,0.0
0.0,261.33337354297083,0.0,0.0,-0.0
0.0,233.00533784412372,0.0,0.0,0.0
0.0,214.60827131422587,0.0,0.0,0.0
0.0,208.1671438055145,0.0,0.0,-0.0
0.0,211.76469662810587,0.0,-0.0,0.0
0.0,233.15613347141783,0.0,-0.0,0.0
0.0,269.3255417895659,0.0,-0.0,0.0
0.0,287.67952385452253,0.0,0.0,-0.0
0.0,297.8689998131194,0.0,0.0,0.0
0.0,307.0459908455976,0.0,-0.0,-0.0
0.0,317.0200444794882,0.0,-0.0,0.0
0.0,328.9544412682041,0.0,0.0,-0.0
0.0,338.97157936703604,0.0,0.0,-0.0
0.0,347.2868811006902,0.0,0.0,-0.0
0.0,354.5681556757553,0.0,-0.0,-0.0
0.0,363.7020622432923,0.0,-0.0,-0.0
0.0,373.35298239012394,0.0,-0.0,-0.0
0.0,383.62862727860323,0.0,0.0,0.0
0.0,389.5958256729611,0.0,-0.0,-0.0
0.0,394.70133476849475,0.0,-0.0,-0.0
0.0,399.9145550263814,0.0,-0.0,-0.0
0.0,403.83524133603186,0.0,0.0,-0.0
0.0,387.3338912635474,0.0,-0.0,0.0
0.0,347.48076119292574,0.0,0.0,-0.0
0.0,297.89054204558994,0.0,-0.0,0.0
0.0,266.18037584885735,0.0,0.0,0.0
0.0,244.530432215898,0.0,-0.0,0.0
0.0,235.56886350812573,0.0,-0.0,0.0
0.0,238.69248721636382,0.0,0.0,-0.0
0.0,257.58502509308545,0.0,-0.0,0.0
0.0,297.37352846629534,0.0,-0.0,-0.0
0.0,327.79116071479143,0.0,-0.0,0.0
0.0,347.99777477222045,0.0,0.0,0.0
0.0,362.5818661548209,0.0,-0.0,0.0
0.0,371.5649770950635,0.0,-0.0,0.0
0.0,377.3598376296567,0.0,-0.0,0.0
0.0,377.25212646730364,0.0,0.0,0.0
0.0,375.2486988475372,0.0,-0.0,0.0
0.0,375.4425789397726,0.0,0.0,0.0
0.0,375.5502901021257,0.0,0.0,-0.0
0.0,375.37795224236083,0.0,-0.0,0.0
0.0,373.7838270395359,0.0,-0.0,0.0
0.0,370.3586120767096,0.0,-0.0,0.0
0.0,366.9118548814127,0.0,-0.0,0.0
0.0,364.32678698493976,0.0,-0.0,-0.0
0.0,362.5818661548209,0.0,0.0,-0.0
0.0,354.26656442116655,0.0,0.0,0.0
0.0,335.9556668211512,0.0,0.0,0.0
0.0,314.8011945350159,0.0,-0.0,-0.0
0.0,294.7884605698226,0.0,-0.0,-0.0
0.0,280.0535735599278,0.0,0.0,0.0
0.0,273.0738902394514,0.0,-0.0,0.0
0.0,273.18160140180436,0.0,-0.0,0.0
0.0,280.8506361613402,0.0,0.0,0.0
0.0,300.75565896418044,0.0,-0.0,0.0
0.0,320.6822239994914,0.0,0.0,0.0
0.0,332.35811399855993,0.0,0.0,0.0
0.0,338.928494902095,0.0,-0.0,-0.0
0.0,344.93877776139414,0.0,0.0,-0.0
0.0,351.50915866492915,0.0,0.0,0.0
0.0,355.6452672992854,0.0,-0.0,0.0
0.0,358.8550599374058,0.0,0.0,0.0
0.0,362.5818661548209,0.0,-0.0,-0.0
0.0,366.58872139435357,0.0,-0.0,-0.0
0.0,369.88468296235624,0.0,0.0,-0.0
0.0,371.75885718729916,0.0,-0.0,-0.0
0.0,372.9221377407116,0.0,0.0,-0.0
0.0,372.4266663938879,0.0,0.0,0.0
0.0,372.74979988094685,0.0,0.0,0.0
0.0,375.35641000989034,0.0,0.0,0.0
0.0,362.1725637378791,0.0,0.0,0.0
0.0,327.20952043808524,0.0,0.0,-0.0
0.0,287.63643938958126,0.0,-0.0,-0.0
0.0,261.3549157754415,0.0,-0.0,-0.0
0.0,246.81390885778228,0.0,0.0,-0.0
0.0,243.06556040789675,0.0,0.0,-0.0
0.0,248.47266075801903,0.0,0.0,0.0
0.0,263.44451232509044,0.0,-0.0,0.0
0.0,292.2680193707616,0.0,0.0,0.0
0.0,315.7490527637225,0.0,-0.0,0.0
0.0,331.7764737218536,0.0,-0.0,-0.0
0.0,346.0589738498656,0.0,0.0,-0.0
0.0,356.830090085169,0.0,-0.0,-0.0
0.0,364.1329068927043,0.0,0.0,-0.0
0.0,368.24747329459024,0.0,0.0,0.0
0.0,370.8325411910628,0.0,-0.0,-0.0
0.0,369.79851403247363,0.0,-0.0,-0.0
0.0,367.6873752503544,0.0,-0.0,0.0
0.0,367.25653060094237,0.0,0.0,0.0
0.0,368.7860291063553,0.0,0.0,0.0
0.0,370.4447810065922,0.0,0.0,-0.0
0.0,372.5559197887113,0.0,0.0,-0.0
0.0,374.71014303577203,0.0,-0.0,-0.0
0.0,376.5627750282442,0.0,-0.0,-0.0
0.0,357.7779483138754,0.0,-0.0,-0.0
0.0,319.21735219149,0.0,-0.0,0.0
0.0,286.667038928404,0.0,-0.0,-0.0
0.0,267.1497763100347,0.0,-0.0,0.0
0.0,257.32651830343815,0.0,0.0,-0.0
0.0,254.80607710437724,0.0,0.0,0.0
0.0,258.64059448414514,0.0,0.0,0.0
0.0,271.00583592227315,0.0,-0.0,0.0
0.0,298.17059106770773,0.0,-0.0,0.0
0.0,324.1936078922001,0.0,-0.0,0.0
0.0,340.5872468023317,0.0,-0.0,-0.0
0.0,350.15199801928094,0.0,0.0,0.0
0.0,354.35273335104927,0.0,-0.0,0.0
0.0,357.6056104541106,0.0,0.0,-0.0
0.0,360.90157202211344,0.0,0.0,0.0
0.0,366.61026362682395,0.0,-0.0,-0.0
0.0,372.7713421134174,0.0,-0.0,0.0
0.0,376.23964154118516,0.0,-0.0,-0.0
0.0,375.3348677774196,0.0,-0.0,-0.0
0.0,366.7610592541182,0.0,0.0,0.0
0.0,352.99557270540095,0.0,0.0,-0.0
0.0,337.22665853691706,0.0,-0.0,-0.0
0.0,321.8670467853747,0.0,-0.0,-0.0
0.0,304.74097197124274,0.0,-0.0,0.0
0.0,274.58184651239384,0.0,-0.0,-0.0
0.0,238.54169158906947,0.0,-0.0,-0.0
0.0,206.63764530010152,0.0,0.0,0.0
0.0,183.39357646431736,0.0,0.0,0.0
0.0,167.40923997112733,0.0,-0.0,0.0
0.0,158.6846358205318,0.0,0.0,0.0
0.0,155.1086252304112,0.0,0.0,0.0
0.0,158.40458679841393,0.0,-0.0,-0.0
0.0,170.64057484171838,0.0,-0.0,0.0
0.0,176.84473779325296,0.0,-0.0,-0.0
0.0,180.3561216859618,0.0,-0.0,0.0
0.0,183.43666092925852,0.0,-0.0,-0.0
0.0,185.54779971137796,0.0,0.0,0.0
0.0,188.95147244173376,0.0,-0.0,-0.0
0.0,196.03886692456325,0.0,-0.0,0.0
0.0,203.5786482892753,0.0,0.0,0.0
0.0,212.49713253210643,0.0,0.0,-0.0
0.0,220.72626533587808,0.0,-0.0,-0.0
0.0,226.6288370328242,0.0,-0.0,0.0
0.0,232.27290194012295,0.0,0.0,-0.0
0.0,239.8557677697764,0.0,-0.0,-0.0
0.0,248.40803406060715,0.0,0.0,0.0
0.0,255.34463291614222,0.0,-0.0,0.0
0.0,259.41611485308704,0.0,0.0,0.0
0.0,239.94193669965895,0.0,0.0,-0.0
0.0,203.96640847374627,0.0,-0.0,-0.0
0.0,178.8912498779606,0.0,0.0,0.0
0.0,163.89785607841858,0.0,0.0,0.0
0.0,153.36370440029202,0.0,0.0,-0.0
0.0,150.2400806920542,0.0,-0.0,0.0
0.0,154.11768253676334,0.0,-0.0,-0.0
0.0,166.26750165018515,0.0,-0.0,0.0
0.0,186.7972491946731,0.0,-0.0,-0.0
0.0,204.07411963609937,0.0,0.0,-0.0
0.0,213.2941951335187,0.0,0.0,-0.0
0.0,217.38721930293417,0.0,0.0,-0.0
0.0,216.0946853546976,0.0,-0.0,0.0
0.0,212.4325058346945,0.0,0.0,-0.0
0.0,210.90300732928148,0.0,0.0,-0.0
0.0,209.22271319657423,0.0,-0.0,0.0
0.0,206.52993413774848,0.0,-0.0,0.0
0.0,208.46873506010294,0.0,-0.0,0.0
0.0,207.8009258535142,0.0,0.0,0.0
0.0,204.44033758809982,0.0,-0.0,0.0
0.0,203.2339725697458,0.0,-0.0,0.0
0.0,204.48342205304098,0.0,0.0,-0.0
0.0,206.2068006506894,0.0,-0.0,-0.0
0.0,209.78281124080988,0.0,0.0,0.0
0.0,205.17277349210025,0.0,0.0,-0.0
0.0,191.94584275514796,0.0,-0.0,0.0
0.0,181.06701535749184,0.0,-0.0,0.0
0.0,173.24718497066175,0.0,-0.0,-0.0
0.0,168.59406275701073,0.0,-0.0,0.0
0.0,165.38427011889047,0.0,-0.0,-0.0
0.0,167.6677467607747,0.0,0.0,-0.0
0.0,182.8334784200815,0.0,0.0,-0.0
0.0,212.41096360222397,0.0,0.0,-0.0
0.0,230.3341010177685,0.0,0.0,0.0
0.0,239.16641633071697,0.0,0.0,0.0
0.0,243.7333696144854,0.0,0.0,-0.0
0.0,245.52137490954593,0.0,0.0,0.0
0.0,246.25381081354655,0.0,0.0,0.0
0.0,247.58942922672406,0.0,-0.0,0.0
0.0,251.12235535190348,0.0,-0.0,-0.0
0.0,252.58722715990476,0.0,0.0,0.0
0.0,252.17792474296343,0.0,0.0,-0.0
0.0,250.90693302719757,0.0,-0.0,-0.0
0.0,249.5282301490787,0.0,-0.0,-0.0
0.0,247.82639378390064,0.0,-0.0,0.0
0.0,247.86947824884194,0.0,-0.0,-0.0
0.0,251.8117067909629,0.0,0.0,0.0
0.0,253.42737422625856,0.0,0.0,0.0
0.0,238.26164256695162,0.0,-0.0,-0.0
0.0,212.5402169970476,0.0,0.0,0.0
0.0,191.83813159279492,0.0,0.0,0.0
0.0,181.32552214713905,0.0,-0.0,-0.0
0.0,176.67239993348812,0.0,-0.0,0.0
0.0,176.3277242139584,0.0,-0.0,0.0
0.0,180.57154401066794,0.0,-0.0,0.0
0.0,200.75661583562595,0.0,-0.0,-0.0
0.0,235.67657467047874,0.0,0.0,0.0
0.0,258.4467143919096,0.0,-0.0,0.0
0.0,276.08980278533625,0.0,0.0,0.0
0.0,294.46532708276345,0.0,-0.0,0.0
0.0,313.57328728419134,0.0,-0.0,-0.0
0.0,328.30817429408586,0.0,-0.0,-0.0
0.0,335.00780859244475,0.0,0.0,0.0
0.0,343.2584836286868,0.0,-0.0,-0.0
0.0,349.4195621152801,0.0,0.0,-0.0
0.0,350.84134945834035,0.0,0.0,-0.0
0.0,349.4841888126921,0.0,-0.0,0.0
0.0,349.0964286282212,0.0,0.0,-0.0
0.0,350.92751838822267,0.0,-0.0,0.0
0.0,352.17696787151783,0.0,0.0,0.0
0.0,353.98651539904887,0.0,-0.0,-0.0
0.0,351.7245809896352,0.0,-0.0,-0.0
0.0,316.8907910846648,0.0,-0.0,0.0
0.0,267.94683891144706,0.0,0.0,-0.0
0.0,223.4405866271744,0.0,-0.0,-0.0
0.0,197.26677417538772,0.0,0.0,0.0
0.0,182.42417600314002,0.0,0.0,-0.0
0.0,175.89687956454625,0.0,-0.0,0.0
0.0,177.98647611419514,0.0,0.0,-0.0
0.0,193.71230581773773,0.0,0.0,0.0
0.0,229.94634083329743,0.0,0.0,-0.0
0.0,252.04867134813952,0.0,-0.0,-0.0
0.0,265.23251762015076,0.0,-0.0,-0.0
0.0,274.0432907006286,0.0,0.0,0.0
0.0,280.9798895561638,0.0,-0.0,-0.0
0.0,286.0423141867565,0.0,0.0,-0.0
0.0,288.62738208322924,0.0,-0.0,-0.0
0.0,289.1443956625237,0.0,0.0,0.0
0.0,288.95051557028825,0.0,-0.0,-0.0
0.0,292.4403572305264,0.0,-0.0,-0.0
0.0,297.33044400135395,0.0,0.0,-0.0
0.0,303.4053535580652,0.0,0.0,0.0
0.0,309.28638302254046,0.0,0.0,-0.0
0.0,318.05407163807746,0.0,-0.0,-0.0
0.0,329.29911698773384,0.0,0.0,-0.0
0.0,338.3468546253885,0.0,0.0,-0.0
0.0,322.2763492023163,0.0,0.0,-0.0
0.0,268.4853947232122,0.0,0.0,-0.0
0.0,222.68660849070307,0.0,0.0,-0.0
0.0,198.27925910150623,0.0,0.0,-0.0
0.0,184.25526576314152,0.0,0.0,-0.0
0.0,179.10667220266666,0.0,-0.0,0.0
0.0,182.38109153819886,0.0,-0.0,-0.0
0.0,197.9561256144472,0.0,0.0,-0.0
0.0,234.59946304694864,0.0,0.0,-0.0
0.0,268.0545500738,0.0,0.0,0.0
0.0,290.1353383561716,0.0,0.0,-0.0
0.0,306.5505194987735,0.0,0.0,0.0
0.0,313.314780494544,0.0,0.0,0.0
0.0,311.5267751994838,0.0,0.0,0.0
0.0,309.9972766940706,0.0,0.0,-0.0
0.0,308.769369443246,0.0,-0.0,0.0
