0,1,2,3,4,5,6
0.0,399.407436072766,0.0,0.0,0.0,107.63536258749293,0.0
18.19359744555635,535.4790318369548,0.0,-0.0,0.0,0.0,0.0
36.37527948919782,521.7440663975179,0.0,-0.0,-0.0,0.0,-0.0
0.0,388.286685568693,0.0,-0.0,-0.0,331.9420660054708,0.0
0.0,448.778971219716,0.0,-0.0,-0.0,36.5761212476628,0.0
0.0,484.2707071577353,0.0,-0.0,0.0,0.0,0.0
31.573351787146635,508.17108781040054,0.0,0.0,-0.0,0.0,0.0
0.0,380.4063432426951,0.0,0.0,0.0,102.0895400185373,-0.0
0.0,328.39870949347977,0.0,-0.0,0.0,146.66566126620023,0.0
28.708682471330686,401.89848709599966,0.0,0.0,0.0,0.0,0.0
0.0,277.52977875273876,0.0,0.0,0.0,25.33133098802034,0.0
13.822434097919167,367.5523919332791,0.0,0.0,0.0,0.0,0.0
0.0,237.82087818522984,0.0,-0.0,-0.0,0.0,0.0
20.44425871431227,371.1927473105615,0.0,-0.0,0.0,117.76567350529211,2.440479903098719
48.524362666704945,494.8162822376673,0.0,-0.0,0.0,0.0,0.0
0.0,346.95628734905756,0.0,0.0,-0.0,0.0,0.0
0.0,314.3002716959664,0.0,-0.0,0.0,38.32002246469028,0.0
0.0,365.1088103535244,0.0,0.0,0.0,0.0,0.0
0.0,376.7960742463537,0.0,-0.0,-0.0,0.0,-0.0
0.0,450.6147480552095,0.0,-0.0,-0.0,0.0,0.0
0.0,340.0663821534907,0.0,0.0,-0.0,91.53134701058407,0.0
0.0,352.5526963576426,0.0,-0.0,0.0,46.95522576292137,-0.0
0.0,409.62885167724096,0.0,0.0,-0.0,0.0,0.0
0.0,483.59730810034364,0.0,-0.0,-0.0,70.81044774237095,-0.0
34.58228502534175,614.9291122994803,0.0,-0.0,-0.0,0.0,0.0
1.9784766497721762,583.1207000996187,0.0,-0.0,-0.0,0.0,-0.0
39.209035107361046,518.449235185124,0.0,0.0,0.0,0.0,-0.0
0.0,381.6324660047802,0.0,0.0,-0.0,184.87711570751372,0.0
0.0,489.39141556438716,0.0,-0.0,0.0,0.0,0.0
0.0,502.6450137933693,0.0,0.0,-0.0,0.0,0.0
31.511524391841217,583.6038394616031,0.0,-0.0,0.0,0.0,-0.0
0.0,455.912390639749,0.0,0.0,-0.0,298.41042246374474,0.0
0.0,339.27638348380253,0.0,-0.0,0.0,213.65221343322776,0.0
0.0,311.4426440578367,0.0,0.0,-0.0,290.4104224637447,0.0
46.82410929580701,457.2870059355351,0.0,-0.0,-0.0,0.0,0.0
15.82781319817721,330.2063549957752,0.0,-0.0,-0.0,47.74176190738518,0.0
0.0,354.2107403344133,0.0,0.0,0.0,0.0,0.0
0.0,251.82960766215706,0.0,0.0,-0.0,371.26068229005773,0.0
32.387412492000834,380.55941288357167,0.0,-0.0,0.0,0.0,0.0
36.81837582221968,410.39338712257506,0.0,-0.0,-0.0,0.0,0.0
0.0,276.4107201151491,0.0,0.0,0.0,227.17716428157308,0.0
0.0,271.9441891749886,0.0,-0.0,-0.0,0.0,0.0
0.0,266.65727500092123,0.0,0.0,0.0,276.86567728876383,0.0
0.0,382.57859859506146,0.0,-0.0,0.0,0.0,0.0
35.90126945852322,510.3811583251176,0.0,-0.0,0.0,0.0,0.0
0.0,377.48571154781956,0.0,-0.0,-0.0,103.85506294304433,0.0
0.0,244.9323115844943,0.0,0.0,0.0,146.37894547885338,0.0
0.0,236.91078663073662,0.0,-0.0,-0.0,94.66551068541507,0.0
38.27951780149651,374.0207387944857,0.0,-0.0,-0.0,0.0,0.0
1.5435785063506984,240.13579944819475,0.0,-0.0,0.0,0.0,0.0
36.42680231861894,357.6069611474463,0.0,0.0,0.0,0.0,0.0
0.0,224.08850053041195,0.0,0.0,-0.0,226.80845310062054,0.0
0.0,225.06080658541288,0.0,0.0,0.0,41.80098862584532,0.0
0.0,233.93587221220295,0.0,-0.0,0.0,0.0,0.0
0.0,255.75948001994388,0.0,0.0,0.0,299.9980053582496,0.0
41.36268937716508,395.1293843474421,0.0,-0.0,-0.0,0.0,0.0
29.162083370236843,310.7894221244382,0.0,-0.0,-0.0,0.0,0.0
0.0,185.8832116449342,0.0,0.0,0.0,132.89800157477788,0.0
27.58548478994969,277.8094266176665,0.0,0.0,-0.0,0.0,0.0
0.0,154.77225765737123,0.0,-0.0,-0.0,0.0,3.8737149796480135
39.25025337089795,297.0984237342061,0.0,-0.0,0.0,0.0,0.0
0.0,208.55913677062296,0.0,0.0,0.0,160.1690111845323,20.073254424362005
23.12360776207805,326.30679607198107,0.0,0.0,-0.0,209.08593472312745,3.270564691676213
48.256605871580945,446.4365671135072,0.0,0.0,-0.0,0.0,0.0
10.211986709137904,311.0002011466965,0.0,0.0,0.0,93.69936573309387,0.0
0.0,183.82895294052997,0.0,0.0,-0.0,129.08593472312748,0.0
0.0,200.09703278005952,0.0,0.0,-0.0,207.03369601127352,0.0
37.46756347292617,334.84930511892446,0.0,0.0,-0.0,0.0,0.0
23.95180013044707,318.5517726944918,0.0,0.0,-0.0,0.0,0.0
0.0,183.61626099099854,0.0,-0.0,0.0,121.33433027817983,0.0
0.0,225.42308153738824,0.0,-0.0,0.0,0.0,0.0
0.0,195.46624103632223,0.0,-0.0,-0.0,4.758209030516922,0.0
33.54017990356652,327.31111545641795,0.0,0.0,-0.0,0.0,0.0
0.0,204.82468681570623,0.0,0.0,-0.0,0.0,0.0
0.0,227.40349832035042,0.0,-0.0,0.0,194.52388253580904,0.0
37.910659805948086,362.6810568378165,0.0,-0.0,0.0,0.0,0.0
0.8243652707384399,259.1582550136982,0.0,-0.0,-0.0,0.0,0.0
0.0,185.9558724358445,0.0,-0.0,0.0,213.62089548474142,0.0
9.26396664778872,239.49029723444903,0.0,-0.0,0.0,0.0,0.0
52.378432225272924,372.989050388196,0.0,-0.0,0.0,0.0,0.0
26.52411450387393,252.00416231173784,0.0,0.0,0.0,267.3865689900336,0.0
0.0,130.225236988557,0.0,-0.0,0.0,189.76567350529191,6.94919858140986
0.0,84.10681317449769,0.0,-0.0,0.0,0.0,0.7902680252133223
12.33164472589377,221.35114087230752,0.0,0.0,0.0,0.0,0.0
0.0,263.4895220475472,0.0,0.0,-0.0,199.0821300523669,1.9732730112356194
29.873098416248666,389.23863360434143,0.0,0.0,0.0,0.0,4.7282702606278235
52.265082000546386,377.591978988104,0.0,-0.0,-0.0,0.0,0.0
0.0,221.79161163226772,0.0,-0.0,-0.0,127.08213005236688,0.0
27.91523089824497,345.2196912371033,0.0,0.0,0.0,0.0,0.0
0.0,254.01729628590903,0.0,-0.0,0.0,62.67674595652095,0.0
0.0,302.8146871770588,0.0,0.0,0.0,0.0,0.0
0.0,284.94878266062597,0.0,-0.0,0.0,157.91045152584266,0.0
11.970966053640511,414.4848410864051,0.0,0.0,0.0,0.0,-0.0
0.0,369.4777557502707,0.0,0.0,0.0,0.0,-0.0
34.56167589357335,500.78512803412355,0.0,-0.0,0.0,0.0,0.0
0.0,393.78140969519893,0.0,0.0,-0.0,194.1970167324045,0.0
34.94294483128982,525.5407724118015,0.0,-0.0,-0.0,0.0,-0.0
11.382396365745658,530.8841859566752,0.0,0.0,0.0,0.0,0.0
0.0,393.66429017414913,0.0,0.0,0.0,0.0,0.0
0.0,349.4248279328747,0.0,0.0,0.0,155.53134701058406,-0.0
0.0,348.4829064420926,0.0,-0.0,-0.0,87.10000378347183,-0.0
0.0,350.5490568089695,0.0,0.0,-0.0,148.3203641861358,0.0
40.10553233928903,488.4286143041576,0.0,-0.0,0.0,0.0,-0.0
21.31000416645358,407.3455571263342,0.0,0.0,0.0,0.0,0.0
0.0,291.7479063699482,0.0,-0.0,0.0,215.56215515561894,0.0
0.0,223.72388575978655,0.0,0.0,0.0,178.94758466328523,0.0
0.0,285.85807024173755,0.0,-0.0,0.0,0.0,2.512730511538109
9.633696446223594,303.450908874254,0.0,0.0,0.0,0.0,0.0
0.0,169.77364080787518,0.0,0.0,0.0,8.278924106925672,0.0
31.779443104831216,297.78270452841844,0.0,0.0,-0.0,0.0,0.0
0.0,291.0417587925341,0.0,-0.0,-0.0,250.9475846632852,0.0
15.26122399241055,399.46864241313233,0.0,-0.0,0.0,0.0,0.0
0.0,329.64447662644966,0.0,0.0,-0.0,252.13713692091443,-0.0
3.5962934935962205,434.0108302963808,0.0,0.0,-0.0,318.1893756327683,-0.0
38.32284244131725,565.5136579025036,0.0,0.0,-0.0,0.0,0.0
0.0,429.7474610793622,0.0,-0.0,-0.0,85.0371331374426,0.0
0.0,501.493195686799,0.0,-0.0,-0.0,0.0,-0.0
0.0,441.919436453306,0.0,0.0,0.0,0.0,0.0
0.0,371.31961537277084,0.0,-0.0,0.0,163.53134701058428,0.0
38.85867986729727,507.72104199329044,0.0,0.0,0.0,0.0,0.0
3.4005067417959363,375.35088139459356,0.0,0.0,0.0,287.24478180402247,0.0
0.0,410.5325061019444,0.0,-0.0,0.0,0.0,0.0
0.0,396.3150098199456,0.0,0.0,-0.0,0.0,0.0
0.0,460.5930161540284,0.0,-0.0,-0.0,0.0,-0.0
0.0,410.6152712939812,0.0,0.0,0.0,0.0,0.0
0.0,361.3134617697706,0.0,-0.0,0.0,0.0,0.0
0.0,322.16987382863016,0.0,-0.0,-0.0,163.4731682665252,-0.0
0.0,328.29818939571027,0.0,-0.0,0.0,0.0,-0.0
0.0,266.9307360788901,0.0,-0.0,-0.0,161.09406375126662,0.0
46.11824306672762,416.85522780897867,0.0,-0.0,0.0,0.0,0.0
16.9870733941435,291.9856652024005,0.0,0.0,0.0,0.0,0.0
0.0,186.92817849084543,0.0,0.0,-0.0,171.3153813007654,0.0
0.0,297.32513230585226,0.0,0.0,0.0,243.3153813007654,0.0
33.62396039810835,427.5208524442934,0.0,0.0,-0.0,0.0,4.978500351154594
0.0,280.4060309718387,0.0,0.0,0.0,225.47910829873035,0.0
27.27634781342269,403.0767212028773,0.0,0.0,-0.0,0.0,0.0
0.0,264.7573892325814,0.0,0.0,0.0,340.86567728876383,0.0
0.0,313.4041141716752,0.0,0.0,-0.0,0.0,0.0
0.0,271.4790583948542,0.0,-0.0,0.0,0.0,0.0
37.993096333021896,406.8543445734553,0.0,0.0,0.0,0.0,0.0
16.281355124292364,383.52028441621707,0.0,0.0,0.0,0.0,0.0
0.0,249.73307273106124,0.0,0.0,0.0,11.674894061057328,0.0
0.0,245.08423440558818,0.0,0.0,-0.0,169.58534558689993,0.0
0.0,237.85270812151873,0.0,0.0,0.0,0.0,0.0
0.0,232.44425569057617,0.0,-0.0,0.0,41.33433027817983,0.0
0.0,351.0044821186533,0.0,0.0,-0.0,0.0,0.0
0.0,266.2330809460241,0.0,0.0,0.0,186.52388253580904,0.0
38.54954289077034,402.2680288372872,0.0,0.0,0.0,0.0,0.0
1.0819794178441668,402.90193462453396,0.0,0.0,-0.0,0.0,0.0
0.0,269.76238539602525,0.0,-0.0,0.0,0.0,0.0
0.0,219.43966220493877,0.0,0.0,0.0,162.66866055635955,0.0
0.0,196.62085447663577,0.0,-0.0,-0.0,235.85821281398876,0.0
20.516552593367834,319.7423801380964,0.0,-0.0,-0.0,0.0,0.0
0.0,205.08535812013568,0.0,-0.0,0.0,241.4791082987303,0.0
33.06751384035998,292.9581735182092,0.0,0.0,0.0,0.0,0.0
4.740100306745809,169.0414556076982,0.0,0.0,0.0,0.0,1.7238623648241
44.783805250729465,245.50508033345866,0.0,14.713250071415956,-0.0,0.0,29.09466644046401
0.0,102.0794780688539,0.0,0.0,0.0,123.71343479343817,33.13360344593153
0.0,202.3210252338698,0.0,0.0,0.0,26.23432649470811,0.0
17.47670565752,313.3743397474738,0.0,-0.0,-0.0,0.0,0.0
0.0,180.47215316847056,0.0,0.0,0.0,25.04477423707868,0.0
4.276394841955465,229.3315941433148,0.0,0.0,-0.0,73.18955225762936,0.0
39.322385332087606,361.21311643633624,0.0,-0.0,-0.0,0.0,0.0
0.0,224.26197172193162,0.0,-0.0,0.0,69.62089548474165,0.0
0.0,211.69159832915017,0.0,0.0,-0.0,0.0,0.0
1.2880707355288052,250.22819720473595,0.0,0.0,0.0,72.0,0.0
37.66335022472654,383.68557803356083,0.0,-0.0,0.0,0.0,0.0
0.0,248.70120249950003,0.0,0.0,-0.0,190.9552257629213,0.0
0.0,216.52274403993601,0.0,0.0,0.0,0.0,0.0
0.0,210.74967683836812,0.0,-0.0,0.0,105.23686214421939,0.0
36.24132013270284,344.0482502178485,0.0,0.0,-0.0,0.0,0.0
16.925976377906792,393.57591135000916,0.0,-0.0,-0.0,0.0,0.0
0.0,256.9668134495774,0.0,0.0,-0.0,0.0,0.0
0.0,227.8865710577594,0.0,-0.0,-0.0,0.0,0.0
0.0,238.46039940589444,0.0,0.0,0.0,38.955225762921344,0.0
0.0,263.9750235018299,0.0,-0.0,-0.0,0.0,0.0
0.0,218.9838937416571,0.0,0.0,-0.0,42.52388253580909,0.0
0.0,199.4466189489822,0.0,0.0,-0.0,109.76567350529221,0.0
0.0,296.3004766626109,0.0,-0.0,0.0,0.0,0.0
44.17583586355992,439.00533742634434,0.0,-0.0,-0.0,0.0,0.0
11.839946200980222,310.33661199313906,0.0,-0.0,-0.0,0.0,0.0
28.97643926645472,272.211229562606,0.0,-0.0,0.0,256.1447780205506,12.771716079891176
53.491163422903774,391.6080431456188,0.0,-0.0,-0.0,0.0,0.0
0.0,237.8599566736194,0.0,0.0,0.0,259.71343479343835,0.0
19.96290381070288,368.7764183129318,0.0,0.0,-0.0,0.0,0.0
0.0,329.12851033167385,0.0,-0.0,-0.0,139.5686567728879,0.0
37.98279176713771,464.4915805526333,0.0,0.0,0.0,0.0,0.0
0.0,337.4101343389573,0.0,0.0,0.0,0.0,0.0
0.0,251.43460832731284,0.0,-0.0,0.0,186.52388253580915,0.0
5.183196639767658,328.64477140431825,0.0,0.0,-0.0,163.90083645409246,0.0
39.74487253334095,459.952143688171,0.0,0.0,-0.0,0.0,0.0
0.0,322.50014471044904,0.0,0.0,0.0,161.52173193883394,0.0
0.0,275.8637979592111,0.0,-0.0,-0.0,91.90083645409247,0.0
0.0,296.4959000100731,0.0,0.0,0.0,174.27994096935086,0.0
42.14583638436658,436.7942171183549,0.0,-0.0,-0.0,0.0,0.0
5.657206670442264,303.20246075546925,0.0,-0.0,-0.0,0.0,0.0
1.1541113790337931,320.3396174204707,0.0,0.0,-0.0,46.95522576292131,0.0
37.17903562816775,453.3816556894714,0.0,-0.0,-0.0,0.0,0.0
0.0,318.9714301645793,0.0,0.0,0.0,283.6761250311347,0.0
0.0,248.18605989096775,0.0,0.0,0.0,0.0,0.0
0.0,206.55660697617657,0.0,0.0,0.0,0.0,0.0
0.0,228.15893862880478,0.0,-0.0,0.0,0.0,4.590332517922604
4.803443631869135,278.3566119436153,0.0,0.0,-0.0,0.0,0.0
0.0,147.48901413487047,0.0,0.0,0.0,26.19701673240439,0.0
15.400116249243345,283.1819152121606,0.0,0.0,-0.0,0.0,0.0
0.0,156.78669078581677,0.0,0.0,0.0,5.910451525842689,0.0
0.0,184.07202945428014,0.0,0.0,-0.0,196.86567728876395,0.0
0.0,292.8603999373442,0.0,-0.0,0.0,0.0,0.0
0.0,216.5835131683736,0.0,-0.0,-0.0,0.0,0.0
32.350627645937216,348.4283875884694,0.0,0.0,0.0,0.0,0.0
2.308222758067501,345.80304945744973,0.0,0.0,0.0,0.0,0.0
37.50878173646308,398.7197233785647,0.0,0.0,-0.0,0.0,0.0
0.0,263.91858720913217,0.0,0.0,-0.0,78.81044774237073,0.0
0.0,239.06809069026983,0.0,0.0,0.0,0.0,0.0
0.0,240.49616520855247,0.0,-0.0,0.0,160.28955604110115,0.0
2.6997962616682116,263.1927503625122,0.0,0.0,0.0,0.0,0.0
39.31208076620331,396.93109821710044,0.0,0.0,0.0,0.0,0.0
0.0,259.9921694603378,0.0,-0.0,0.0,208.87324534854858,0.0
0.0,255.84037013903588,0.0,-0.0,-0.0,11.107571843256494,0.0
0.0,262.9284673751189,0.0,-0.0,-0.0,3.5686567728878344,0.0
34.92233569952137,394.66339817643774,0.0,-0.0,0.0,0.0,0.0
0.0,279.844175871871,0.0,0.0,-0.0,0.0,0.0
0.0,288.1999310320353,0.0,0.0,0.0,48.14477802055055,0.0
0.0,280.2087906424964,0.0,0.0,0.0,0.0,0.0
0.0,408.1722294004543,0.0,0.0,0.0,0.0,0.0
0.0,306.96380357574674,0.0,-0.0,-0.0,0.0,0.0
0.0,257.8692418699469,0.0,-0.0,-0.0,0.0,0.0
0.0,217.2519735811867,0.0,-0.0,-0.0,1.189552257629259,0.0
0.0,232.46669954357696,0.0,0.0,-0.0,0.0,0.0
33.23238689450764,362.19821329162625,0.0,-0.0,0.0,0.0,0.0
0.0,262.3426668818545,0.0,-0.0,0.0,2.052312069866616,0.0
0.0,292.78800022907103,0.0,0.0,0.0,35.05977654464186,0.0
0.0,304.42528832486335,0.0,-0.0,-0.0,59.6761250311348,-0.0
0.0,312.6434743132608,0.0,-0.0,0.0,18.668660556359555,0.0
0.0,363.87204233725146,0.0,0.0,-0.0,0.0,-0.0
0.0,407.76724562188423,0.0,-0.0,-0.0,0.0,-0.0
0.0,351.51068443073336,0.0,-0.0,0.0,4.758209030517037,-0.0
35.69517814083855,484.1618120551937,0.0,-0.0,-0.0,0.0,-0.0
0.0,379.5672811487772,0.0,0.0,0.0,0.0,0.0
0.0,345.23175807068316,0.0,0.0,0.0,54.525503576098515,-0.0
35.581827916112076,477.7485101610828,0.0,-0.0,0.0,0.0,0.0
37.683959356494995,612.4641346270221,0.0,-0.0,-0.0,0.0,-0.0
0.0,477.4553271776776,0.0,-0.0,0.0,37.3256533441467,0.0
0.0,353.7698206161602,0.0,-0.0,0.0,200.85700035473067,0.0
8.68579722061859,488.0212386917077,0.0,-0.0,-0.0,0.0,0.0
35.11812245132171,512.3557690112059,0.0,0.0,0.0,0.0,0.0
0.0,380.3887350146913,0.0,-0.0,-0.0,151.100003783472,0.0
0.0,336.90638747473787,0.0,0.0,0.0,200.43433406165164,0.0
0.0,416.28171540236144,0.0,-0.0,0.0,0.0,-0.0
0.0,293.4188926603944,0.0,-0.0,0.0,0.0,0.0
34.386498273541434,433.90044913330433,0.0,0.0,-0.0,0.0,0.0
0.0,302.8007481293637,0.0,-0.0,0.0,83.85611261477887,0.0
0.0,267.781503877016,0.0,0.0,-0.0,5.390652109738027,0.0
0.0,303.5552180690668,0.0,0.0,-0.0,197.53543013028843,0.0
13.334108254193609,428.93785089660435,0.0,-0.0,0.0,0.0,0.0
42.3519277020512,553.6730379691219,0.0,-0.0,-0.0,0.0,0.0
2.1433497039198244,448.4248691379329,0.0,0.0,0.0,281.10408690317615,0.0
38.570152022538764,581.9433297549673,0.0,0.0,-0.0,0.0,-0.0
0.0,445.8839499484203,0.0,-0.0,0.0,157.39065210973803,0.0
0.0,344.5329130936515,0.0,0.0,0.0,77.39065210973801,-0.0
4.853450531472362,478.33234073644917,0.0,-0.0,-0.0,149.39065210973803,0.0
41.39360307481786,611.9851768875442,0.0,-0.0,-0.0,0.0,0.0
2.514314075752168,475.5593183517406,0.0,-0.0,0.0,269.53543013028843,-0.0
38.69380681314962,518.1564932843396,0.0,0.0,-0.0,0.0,-0.0
0.0,381.9505219860902,0.0,0.0,0.0,140.36863231458213,-0.0
0.0,365.07287850554593,0.0,-0.0,0.0,188.51341033513268,-0.0
36.261929264471235,498.39588380031006,0.0,0.0,0.0,30.602958809290097,-0.0
72.3280717771421,631.4867858998786,0.0,0.0,0.0,0.0,-0.0
72.8040713796811,669.1748392631076,0.0,-0.0,0.0,0.0,0.0
33.0488942804558,531.710624327744,0.0,-0.0,0.0,0.0,0.0
0.0,393.39129235744775,0.0,-0.0,0.0,155.53134701058428,-0.0
0.0,386.26660664950987,0.0,0.0,0.0,87.10000378347193,-0.0
0.0,350.76174875850086,0.0,0.0,0.0,59.831000971756936,-0.0
3.687426812489761,498.5850957741849,0.0,0.0,0.0,16.11756617831867,-0.0
47.6674759242493,641.0578533427224,0.0,-0.0,-0.0,0.0,0.0
13.353109611897496,510.04366404227494,0.0,0.0,0.0,19.686222951206503,0.0
0.0,375.95105341607194,0.0,-0.0,0.0,154.3446915514683,0.0
35.293300071353684,508.12575869249866,0.0,0.0,0.0,0.0,0.0
0.0,360.1924680580376,0.0,0.0,-0.0,46.892200614156295,-0.0
6.669906435619937,476.80404329870026,0.0,-0.0,-0.0,7.936974851234822,-0.0
38.05777603685044,604.348900628852,0.0,-0.0,-0.0,0.0,0.0
0.0,591.4317029471333,0.0,0.0,0.0,0.0,-0.0
12.592119158422177,559.8852426258898,0.0,-0.0,-0.0,0.0,0.0
0.0,421.1627840534115,0.0,0.0,-0.0,356.8026521399987,-0.0
6.82162261536027,511.3444919317472,0.0,0.0,0.0,61.62089548474148,0.0
41.2287300206701,642.4686248509718,0.0,-0.0,-0.0,0.0,-0.0
0.0,503.257527972818,0.0,-0.0,-0.0,184.14477802055052,0.0
0.0,630.5422367030453,0.0,0.0,0.0,0.0,0.0
0.0,498.5697662875803,0.0,-0.0,-0.0,274.4865727735054,-0.0
34.77807177714223,630.1336736819128,0.0,0.0,-0.0,2.3791045152585184,0.0
0.9686291931176357,678.0697283023388,0.0,-0.0,-0.0,0.0,0.0
37.90035524006382,644.7526199542062,0.0,-0.0,0.0,0.0,0.0
0.0,509.48727739438203,0.0,0.0,0.0,272.1074682582471,-0.0
0.0,491.50305021988464,0.0,-0.0,0.0,312.28796033313466,-0.0
3.8952878221050184,624.6306001923787,0.0,0.0,-0.0,148.4297475191459,-0.0
43.89777450255164,762.3879981111478,0.0,0.0,-0.0,0.0,0.0
20.073456260346035,643.8096536901414,0.0,-0.0,0.0,267.3849732820673,0.0
0.0,529.6779178507817,0.0,0.0,-0.0,397.38343565611444,0.0
30.553199764607797,521.2437966166381,0.0,0.0,-0.0,0.0,0.0
0.0,394.6884318554795,0.0,0.0,-0.0,0.0,-0.0
0.0,353.37253131362075,0.0,-0.0,-0.0,282.4865727735053,0.0
34.33497544412026,484.41115252935214,0.0,-0.0,-0.0,0.0,0.0
55.97456380100323,603.2236462453085,0.0,0.0,0.0,0.0,-0.0
0.0,446.5315139816143,0.0,0.0,-0.0,209.2970205158762,0.0
29.089951409047217,571.3522127576249,0.0,-0.0,0.0,31.786894129152525,0.0
8.089084219120508,575.1538251274005,0.0,0.0,0.0,219.22438291900272,0.0
41.59969439250244,705.2151697317807,0.0,-0.0,-0.0,0.0,-0.0
0.0,565.5642983785191,0.0,-0.0,-0.0,216.84527840374406,-0.0
0.0,695.9432578815886,0.0,-0.0,0.0,35.38656899003354,0.0
9.556655605280236,739.1222986143913,0.0,-0.0,-0.0,0.0,0.0
0.0,601.8901868742234,0.0,0.0,0.0,274.4865727735054,-0.0
35.231472676048384,733.9915964047989,0.0,-0.0,0.0,0.0,-0.0
0.5976648212853775,731.7706659137211,0.0,0.0,0.0,397.0104553093144,0.0
37.11720823286237,865.3990701495325,0.0,-0.0,0.0,0.0,0.0
0.0,731.0621403704918,0.0,-0.0,0.0,274.4865727735054,-0.0
0.0,688.1321078200895,0.0,0.0,-0.0,85.91045152584257,-0.0
0.0,729.5898430978357,0.0,-0.0,0.0,37.76567350529206,0.0
0.0,632.68943174482,0.0,-0.0,-0.0,467.82090305168515,0.0
38.09614199186416,768.1868774998402,0.0,-0.0,-0.0,0.0,0.0
22.793861653782695,714.0783790226864,0.0,-0.0,-0.0,0.0,0.0
0.0,596.7216303658686,0.0,0.0,0.0,159.10000378347172,-0.0
54.59375197251634,641.5562039859531,0.0,-0.0,-0.0,0.0,0.0
27.32770872497795,518.8977297125563,0.0,-0.0,-0.0,373.15523332986487,-0.0
0.0,390.33894789812814,0.0,-0.0,-0.0,290.77612881460647,-0.0
0.0,451.88102242790444,0.0,0.0,-0.0,0.40031809533320484,0.0
0.0,504.7076030115851,0.0,0.0,-0.0,0.0,-0.0
0.0,407.70242210449277,0.0,-0.0,-0.0,115.78688708536677,0.0
0.0,517.9438578342981,0.0,0.0,0.0,85.91045152584269,0.0
0.0,485.61658404867353,0.0,-0.0,-0.0,278.0552295463934,0.0
34.73685351360524,617.1316276124383,0.0,-0.0,0.0,0.0,0.0
0.0,600.6590581494364,0.0,-0.0,0.0,186.19701673240428,0.0
35.54060965257514,733.1269464092685,0.0,-0.0,-0.0,0.0,-0.0
0.0,618.8450710386593,0.0,0.0,-0.0,67.24179096948296,-0.0
0.0,691.7497630696165,0.0,-0.0,-0.0,0.0,0.0
0.0,556.2645332722385,0.0,-0.0,0.0,368.96993438780817,-0.0
36.98324887636733,690.4426556019347,0.0,-0.0,-0.0,0.0,0.0
1.1025885496126477,571.00334042033,0.0,0.0,-0.0,128.68037834670707,-0.0
38.20949221659069,665.1672911175424,0.0,-0.0,-0.0,0.0,-0.0
0.0,529.5354698284615,0.0,-0.0,0.0,275.6761250311346,-0.0
0.0,582.1213736727582,0.0,-0.0,0.0,227.53134701058414,-0.0
37.941573503600665,717.4355800631499,0.0,-0.0,-0.0,0.0,-0.0
0.9171063636963765,704.9920537874747,0.0,0.0,-0.0,0.0,0.0
34.149493258204075,636.4629445422769,0.0,-0.0,-0.0,31.258254825812852,-0.0
0.0,505.64421056409975,0.0,0.0,0.0,309.3134843722059,0.0
0.0,483.1261203457361,0.0,0.0,0.0,143.40303284636337,0.0
49.111722922105976,631.6824248199332,0.0,-0.0,-0.0,0.0,0.0
18.239081615087002,504.7483653718759,0.0,-0.0,0.0,26.826911598700573,0.0
0.0,492.0421352101836,0.0,-0.0,-0.0,0.0,0.0
8.851622094553562,488.63942810801126,0.0,-0.0,0.0,222.68151517271147,0.0
44.495277405970995,621.229475944262,0.0,0.0,-0.0,0.0,-0.0
0.0,478.1459204936304,0.0,0.0,-0.0,228.62927646085754,-0.0
0.0,448.05312338703095,0.0,-0.0,0.0,155.43972420322842,0.0
0.0,556.0028548256049,0.0,0.0,0.0,341.6367409356328,-0.0
32.95416361563349,685.4045377173231,0.0,0.0,0.0,0.0,-0.0
0.0,692.7136611226333,0.0,-0.0,0.0,0.0,-0.0
0.0,712.9555202359879,0.0,-0.0,0.0,0.0,0.0
0.0,642.5726045064001,0.0,0.0,0.0,84.72089926821343,-0.0
0.0,702.962159383244,0.0,0.0,-0.0,37.76567350529217,0.0
6.945277405971012,748.5422444193862,0.0,-0.0,-0.0,0.0,-0.0
40.981420439448584,735.0491786408307,0.0,0.0,0.0,0.0,-0.0
0.0,596.1312647460823,0.0,0.0,0.0,395.82090305168526,0.0
35.1078178854375,728.086082784955,0.0,-0.0,-0.0,47.17556654861294,0.0
33.044907731517085,785.9996419646399,0.0,0.0,-0.0,0.0,-0.0
0.0,649.720374920539,0.0,0.0,0.0,514.7761288146066,-0.0
38.0446191624431,785.1567408873497,0.0,0.0,-0.0,0.0,-0.0
2.3082227580675863,652.4567494323219,0.0,-0.0,0.0,519.5343378451237,-0.0
0.0,572.1054892141046,0.0,-0.0,0.0,276.86567728876395,-0.0
44.83532808015053,715.5921712669185,0.0,-0.0,0.0,0.0,-0.0
26.15298821417565,603.1095897092139,0.0,0.0,-0.0,273.2970205158761,0.0
8.902983006108684,492.3250262637314,0.0,-0.0,-0.0,84.72089926821319,0.0
0.0,540.8789789267488,0.0,-0.0,-0.0,0.0,0.0
0.0,430.3066988911783,0.0,-0.0,0.0,0.0,-0.0
0.0,360.8243114881805,0.0,0.0,0.0,41.334330278179664,0.0
0.0,447.77026965480263,0.0,0.0,0.0,0.0,0.0
0.0,451.95732596205744,0.0,0.0,0.0,120.14477802055056,-0.0
22.96903927381462,569.5217458987875,0.0,0.0,-0.0,0.0,-0.0
0.0,447.88795374773656,0.0,-0.0,0.0,236.72089926821346,-0.0
36.746243861030024,581.7851090516693,0.0,0.0,0.0,0.0,-0.0
8.792565688921254,573.1330629650856,0.0,0.0,0.0,0.0,0.0
0.0,437.9654480663966,0.0,0.0,-0.0,399.06269402116834,0.0
0.0,533.7661591834767,0.0,0.0,-0.0,61.23233681457146,-0.0
0.0,469.5473482721905,0.0,-0.0,-0.0,248.61890580460502,-0.0
36.99355344225154,603.7376865595286,0.0,0.0,-0.0,0.0,0.0
0.24730958122140123,608.7277081855717,0.0,0.0,0.0,0.0,0.0
34.35208511362021,607.7965921279238,0.0,0.0,-0.0,0.0,-0.0
0.0,474.4491549178758,0.0,-0.0,0.0,124.1639587789856,0.0
0.0,535.047788857972,0.0,-0.0,-0.0,50.97440652135639,-0.0
2.050608610961774,589.6602540993408,0.0,-0.0,-0.0,216.8848580471991,0.0
39.02355292144492,723.8261604713952,0.0,-0.0,0.0,0.0,-0.0
0.0,587.2292785286052,0.0,0.0,-0.0,218.07441030482826,-0.0
0.0,574.5061105706325,0.0,0.0,-0.0,27.119184541906947,-0.0
0.0,441.7939031579626,0.0,0.0,0.0,269.4884880501877,-0.0
19.125436198996823,500.98705577234216,0.0,0.0,-0.0,0.0,-0.0
0.0,387.9791880360363,0.0,-0.0,0.0,267.10938353492935,-0.0
0.0,458.23166584561113,0.0,0.0,-0.0,0.0,-0.0
34.91203113363713,430.2353511283612,0.0,-0.0,0.0,0.0,0.0
0.0,298.51263628468433,0.0,0.0,0.0,216.58550099912037,0.0
0.0,287.0453175917217,0.0,0.0,-0.0,0.0,0.0
0.0,404.9517843424244,0.0,0.0,0.0,198.54570137172703,-0.0
21.361526995874726,520.6105148870198,0.0,0.0,-0.0,0.0,-0.0
40.280709959321,554.5245717063913,0.0,-0.0,0.0,0.0,0.0
0.0,416.4373429312911,0.0,-0.0,0.0,299.0065554905564,0.0
35.42725942784867,548.7708556570623,0.0,0.0,0.0,0.0,-0.0
0.0,412.3816449941846,0.0,0.0,-0.0,334.41981423415416,0.0
0.0,493.3449734693584,0.0,-0.0,-0.0,40.14477802055052,-0.0
0.0,530.4173264459178,0.0,-0.0,0.0,0.0,-0.0
0.0,525.4171052958927,0.0,0.0,-0.0,0.0,0.0
36.292842962123984,643.599789439485,0.0,-0.0,-0.0,0.0,-0.0
0.0,510.24013627179517,0.0,-0.0,0.0,0.0,-0.0
0.0,394.8497514399491,0.0,0.0,-0.0,155.53134701058417,-0.0
0.807801499335568,490.73706437569786,0.0,0.0,0.0,0.0,-0.0
37.935314298082176,532.8377493683238,0.0,-0.0,-0.0,0.0,-0.0
0.0,396.3385950866692,0.0,0.0,-0.0,201.29702051587608,-0.0
0.0,401.3824327469866,0.0,-0.0,0.0,130.48657277350543,0.0
19.262604612745694,532.9463401413188,0.0,-0.0,-0.0,0.0,-0.0
0.0,401.4128173112054,0.0,0.0,0.0,109.60606081774789,0.0
0.0,348.20944536412344,0.0,0.0,-0.0,57.892626024309656,-0.0
0.0,397.13293772597876,0.0,-0.0,-0.0,0.0,0.0
17.62741669428544,384.87329945655574,0.0,0.0,-0.0,0.0,0.0
0.0,258.26907086482953,0.0,-0.0,-0.0,0.0,0.0
39.38421272739296,395.29351132508543,0.0,-0.0,0.0,0.0,0.0
0.0,253.895758029034,0.0,-0.0,-0.0,82.17668935931289,0.0
0.0,348.02273957866123,0.0,-0.0,-0.0,297.6611816787274,-0.0
17.754928936394236,459.40588494859634,0.0,-0.0,0.0,262.27461268869394,-0.0
43.72259688251973,580.5251485591152,0.0,0.0,0.0,0.0,0.0
43.14537927513689,706.5430111840308,0.0,0.0,0.0,0.0,0.0
0.0,565.0597461844861,0.0,0.0,-0.0,59.05578066368121,-0.0
0.0,469.0019252799875,0.0,-0.0,0.0,107.20055868423167,0.0
12.732519470900419,603.2044795249675,0.0,-0.0,0.0,73.0035419518274,-0.0
49.798204874341586,737.4803295157989,0.0,-0.0,0.0,0.0,-0.0
39.157512277939844,718.8042669505077,0.0,-0.0,-0.0,0.0,-0.0
0.0,582.0485775583734,0.0,0.0,-0.0,231.89268416201517,0.0
0.0,446.7465871256234,0.0,0.0,-0.0,154.15578444715305,-0.0
16.788483778142936,578.0895249632781,0.0,0.0,-0.0,0.0,-0.0
0.0,443.37390049733887,0.0,-0.0,0.0,162.66866055635955,-0.0
15.991428332632978,578.223900497339,0.0,-0.0,-0.0,0.0,0.0
0.0,624.1038347248762,0.0,0.0,-0.0,184.1447780205504,0.0
37.89005067417958,759.3569613270587,0.0,0.0,-0.0,0.0,-0.0
0.3915735036007675,624.5680411152678,0.0,0.0,-0.0,67.56865677288778,-0.0
23.690358885710708,627.8236533703587,0.0,-0.0,0.0,0.0,-0.0
0.0,509.4041163986968,0.0,-0.0,-0.0,185.33433027817964,0.0
27.81218523940268,469.24340191727447,0.0,0.0,-0.0,0.0,-0.0
0.0,345.9374818888577,0.0,-0.0,0.0,175.6584712341658,0.0
0.0,299.0472204581394,0.0,0.0,0.0,108.41668026468277,0.0
38.92050726260257,435.52194282451035,0.0,-0.0,0.0,0.0,-0.0
0.0,316.7331768177402,0.0,-0.0,-0.0,0.0,0.0
0.0,325.14756112207044,0.0,-0.0,0.0,79.26386587922934,-0.0
30.19253995865978,451.2753673657629,0.0,0.0,-0.0,0.0,0.0
0.0,467.304525537036,0.0,0.0,-0.0,0.0,0.0
0.0,454.87181654072026,0.0,0.0,0.0,0.0,0.0
0.0,445.150070818515,0.0,-0.0,0.0,40.144778020550575,0.0
0.0,429.62669872662707,0.0,-0.0,0.0,85.91045152584269,0.0
0.0,528.8118954046823,0.0,0.0,0.0,15.100003783471832,-0.0
0.0,565.1778999828387,0.0,0.0,-0.0,0.0,-0.0
0.0,438.81621586452206,0.0,0.0,0.0,160.28955604110092,-0.0
19.12082524373796,572.383540312124,0.0,-0.0,0.0,0.0,0.0
0.0,502.94539769088993,0.0,-0.0,-0.0,182.95522576292117,0.0
38.394974402506904,638.7971062175246,0.0,-0.0,-0.0,0.0,0.0
0.9480200613492115,504.06926579394354,0.0,0.0,0.0,303.1000037834716,0.0
36.31178347087018,639.7499509135919,0.0,0.0,-0.0,0.0,0.0
1.1112244924745482,507.6851892559421,0.0,-0.0,-0.0,184.1447780205504,-0.0
0.0,422.68201226435065,0.0,0.0,-0.0,225.18585716768143,-0.0
39.064771184981765,559.327758037708,0.0,-0.0,0.0,0.0,-0.0
26.40045971326316,589.8659807117969,0.0,-0.0,-0.0,0.0,-0.0
0.0,468.23364688031864,0.0,0.0,-0.0,417.33063518823207,0.0
0.0,383.78433513072616,0.0,0.0,0.0,0.0,0.0
30.470763237534015,413.7460312054956,0.0,0.0,0.0,0.0,-0.0
0.0,287.28839410547204,0.0,-0.0,-0.0,158.78006568038896,0.0
0.0,274.01033954186556,0.0,0.0,-0.0,0.0,0.0
0.0,273.28111000061494,0.0,0.0,-0.0,161.47910829873032,0.0
0.12833159460990018,395.683049163532,0.0,-0.0,-0.0,2.379104515258518,-0.0
25.78686256420852,516.4358340447942,0.0,0.0,-0.0,0.0,0.0
0.0,410.47226247363096,0.0,-0.0,-0.0,0.0,0.0
0.0,419.5690503489776,0.0,-0.0,0.0,0.0,0.0
8.713453506664875,545.7496864473734,0.0,0.0,-0.0,0.0,-0.0
0.0,408.4809268342798,0.0,0.0,-0.0,30.54681545997607,-0.0
0.0,381.22639266041836,0.0,-0.0,0.0,76.3124889652683,-0.0
35.7982237996809,513.9996798612976,0.0,0.0,-0.0,0.0,0.0
0.0,527.35600119153,0.0,-0.0,0.0,78.69159348052665,-0.0
35.169645280742856,659.3841149762541,0.0,0.0,-0.0,0.0,0.0
0.0,524.3875234845514,0.0,-0.0,0.0,75.12293670763887,-0.0
38.2197967824749,660.0315607312741,0.0,-0.0,-0.0,0.0,0.0
1.0098474566545406,525.5846873334565,0.0,0.0,-0.0,67.04287489263906,-0.0
0.0,390.9301426557266,0.0,-0.0,0.0,234.14287867611085,0.0
0.0,402.95409169236405,0.0,0.0,-0.0,87.10000378347199,0.0
0.0,433.3872429887301,0.0,0.0,0.0,38.955225762921316,0.0
8.37777398174498,451.554507337314,0.0,-0.0,0.0,0.0,-0.0
51.028534094438754,539.3727072505119,0.0,-0.0,0.0,0.0,0.0
26.69929212390582,420.19578090505297,0.0,-0.0,0.0,3.5686567728878344,-0.0
0.0,298.20918430196014,0.0,-0.0,0.0,275.6761250311347,0.0
0.0,263.49728032216814,0.0,0.0,0.0,0.0,0.0
0.0,359.4681127764019,0.0,-0.0,-0.0,0.0,0.0
0.0,239.15924438292635,0.0,-0.0,0.0,44.9029870510675,0.0
0.0,254.0476808501279,0.0,0.0,0.0,0.0,0.0
0.8449744025068924,316.3473735316866,0.0,-0.0,-0.0,0.0,0.0
35.12842701720601,447.3249149592084,0.0,-0.0,0.0,0.0,0.0
0.0,315.34566500505184,0.0,0.0,-0.0,82.91155773347582,0.0
0.0,279.47956110124585,0.0,-0.0,0.0,134.62499252691407,0.0
27.87827342236072,388.4988433913266,0.0,0.0,0.0,0.0,0.0
0.0,259.1826722031015,0.0,0.0,0.0,88.78428784836336,0.0
33.51061017338188,399.3466137773223,0.0,0.0,-0.0,0.0,0.0
0.0,269.2852691729421,0.0,0.0,0.0,0.0,0.0
0.0,229.46656839713577,0.0,0.0,-0.0,21.542496878880286,0.0
0.0,245.55148496174428,0.0,-0.0,0.0,0.0,0.0
37.62213196118961,359.41901156874934,0.0,0.0,0.0,0.0,0.0
0.0,224.48349986525614,0.0,-0.0,-0.0,104.09534167454972,0.0
0.0,343.92487865567784,0.0,0.0,0.0,0.0,0.0
0.0,224.63542268634993,0.0,-0.0,-0.0,157.9104515258426,0.0
0.0,223.02504078275462,0.0,-0.0,-0.0,0.0,0.0
0.0,257.8783503761408,0.0,0.0,-0.0,0.0,0.0
0.0,226.96240735125483,0.0,0.0,0.0,0.0,0.0
43.46482081754806,368.8243670376981,0.0,0.0,-0.0,0.0,0.0
18.805832738719715,249.2565300476988,0.0,-0.0,-0.0,190.10745493512712,0.0
0.0,127.83186749613266,0.0,0.0,0.0,232.63133747093607,6.6665346458077
43.87700345291721,270.18246548825135,0.0,-0.0,-0.0,0.0,0.0
8.686749040405871,138.1299197882435,0.0,-0.0,-0.0,74.14669956831284,0.0
0.0,102.06409062779602,0.0,0.0,0.0,2.1466995683128403,0.0
0.0,153.61823897470612,0.0,0.0,-0.0,0.0,0.0
0.0,143.26555970846013,0.0,0.0,0.0,3.3362518259419853,0.0
0.0,168.84936278067207,0.0,0.0,0.0,113.70005175014082,0.0
35.05629505601635,300.7431010313354,0.0,0.0,-0.0,0.0,0.0
0.0,192.50166537907901,0.0,0.0,0.0,0.0,0.0
0.0,193.8254745685082,0.0,0.0,0.0,29.822190607993715,0.0
0.0,214.73145771007947,0.0,-0.0,-0.0,225.53562540143201,0.0
35.674569009070154,347.358153419256,0.0,-0.0,0.0,0.0,0.0
0.0,210.87121509524312,0.0,0.0,-0.0,0.0,0.0
0.0,251.58874558285365,0.0,-0.0,-0.0,0.0,0.0
0.0,212.60313525571357,0.0,0.0,0.0,0.0,0.0
27.140314561058602,347.3065437640108,0.0,-0.0,0.0,0.0,0.0
0.0,334.2018181056687,0.0,-0.0,0.0,0.0,0.0
0.0,222.2350421130665,0.0,-0.0,-0.0,276.86567728876395,0.0
0.0,229.46656839713577,0.0,0.0,-0.0,0.0,0.0
0.0,269.7754367906114,0.0,-0.0,-0.0,0.0,0.0
0.0,237.8223235573,0.0,0.0,-0.0,0.0,0.0
0.0,240.40501151589618,0.0,-0.0,-0.0,156.72089926821346,0.0
0.0,367.04621846119375,0.0,0.0,-0.0,0.0,0.0
0.0,280.8723225222771,0.0,0.0,0.0,0.0,0.0
0.0,172.03974202364378,0.0,-0.0,0.0,194.52388253580904,2.201607390340655
0.0,152.0466987676872,0.0,0.0,-0.0,0.0,0.0
36.78746212456697,271.5904344624864,0.0,-0.0,0.0,0.0,0.0
0.0,137.64441532798608,0.0,0.0,-0.0,109.57020603951543,0.0
0.0,165.60668252643032,0.0,-0.0,0.0,0.0,0.0
0.0,186.59394828443888,0.0,-0.0,-0.0,28.590175500246858,0.0
0.0,220.35606946131352,0.0,0.0,0.0,0.0,0.0
12.901760951675698,353.5569151796588,0.0,0.0,0.0,0.0,0.0
0.0,217.0088970674365,0.0,-0.0,-0.0,118.43423476793878,0.0
3.2562428194166277,252.14719424587904,0.0,-0.0,-0.0,0.0,0.0
38.82776616964449,384.6517303786368,0.0,-0.0,-0.0,0.0,0.0
0.0,248.2869516310428,0.0,-0.0,-0.0,198.86067217131816,0.0
0.0,229.4057992686982,0.0,-0.0,-0.0,0.0,0.0
0.0,217.64697291603085,0.0,0.0,-0.0,0.0,0.0
0.0,203.79161163226772,0.0,0.0,0.0,11.384266772782269,0.0
0.0,318.51626268350367,0.0,0.0,-0.0,0.0,0.0
38.879288999065665,454.9421212193071,0.0,-0.0,-0.0,0.0,0.0
1.1128931154968313,319.83558610882744,0.0,-0.0,0.0,211.5290447933327,0.0
0.0,187.2577542302185,0.0,-0.0,-0.0,12.573819030411357,0.0
15.97207712055649,273.23300294667206,0.0,-0.0,0.0,49.33433027817971,0.0
45.78334814149977,398.9088187576149,0.0,-0.0,0.0,0.0,0.0
0.0,254.29826860174705,0.0,-0.0,0.0,170.66866055635955,0.0
0.0,256.3265231665362,0.0,-0.0,-0.0,0.0,0.0
0.0,298.56328186508574,0.0,-0.0,-0.0,0.0,0.0
33.459087343960675,373.50450188238244,0.0,-0.0,0.0,0.0,0.0
0.0,243.50423706621163,0.0,-0.0,-0.0,243.23467062877978,0.0
25.744284403064892,361.02504423553813,0.0,-0.0,-0.0,0.0,0.0
0.0,226.94464956697706,0.0,0.0,0.0,0.0,0.0
0.0,239.4934745893329,0.0,-0.0,-0.0,250.43491096257085,0.0
18.702787079877396,346.1041416733442,0.0,-0.0,0.0,0.0,0.0
43.3514705928215,465.6597627057016,0.0,-0.0,-0.0,0.0,0.0
0.0,323.9321785533192,0.0,0.0,0.0,207.9110284267619,-0.0
0.0,449.27549416782614,0.0,0.0,0.0,0.0,-0.0
0.0,424.5332993859111,0.0,0.0,-0.0,0.0,0.0
33.43847821219228,554.5091322867983,0.0,0.0,-0.0,0.0,-0.0
0.0,455.6549837087966,0.0,0.0,-0.0,0.0,0.0
0.0,383.45553985790707,0.0,-0.0,-0.0,160.28955604110098,0.0
0.0,389.6236063943191,0.0,-0.0,-0.0,209.8524307514696,-0.0
36.63289363630355,523.3863861641913,0.0,0.0,-0.0,0.0,-0.0
0.0,412.38240180422247,0.0,0.0,-0.0,84.35873641441816,0.0
35.94248772206012,537.5739185259072,0.0,-0.0,-0.0,0.0,0.0
73.52340141971291,672.460566398833,0.0,-0.0,-0.0,0.0,-0.0
37.26147215524156,539.1375611040687,0.0,-0.0,0.0,33.04477423707863,0.0
0.0,404.62960791804153,0.0,0.0,-0.0,196.90298705106738,0.0
0.0,494.2711494577849,0.0,-0.0,0.0,0.0,-0.0
0.0,407.36719686789604,0.0,0.0,-0.0,88.28955604110101,-0.0
0.0,430.6762797146196,0.0,-0.0,-0.0,38.95522576292137,-0.0
0.0,408.84568450916476,0.0,-0.0,-0.0,0.0,0.0
0.0,324.78294635144505,0.0,-0.0,-0.0,59.30150117072385,0.0
0.0,418.49115376005943,0.0,-0.0,0.0,0.0,0.0
35.61274161376477,526.227106065584,0.0,-0.0,0.0,0.0,0.0
0.0,393.67370610225873,0.0,-0.0,0.0,12.346275407802464,0.0
0.0,294.06415192625957,0.0,-0.0,0.0,288.9150369557533,-0.0
29.759748191522164,419.67888794899307,0.0,0.0,0.0,0.0,-0.0
0.0,411.07469875676634,0.0,0.0,-0.0,0.0,-0.0
0.0,484.0675745168457,0.0,-0.0,0.0,0.0,-0.0
0.0,378.2901639407147,0.0,0.0,-0.0,234.34179475295483,-0.0
16.729828879797537,509.4020809022974,0.0,0.0,0.0,0.0,-0.0
0.0,396.9766709352637,0.0,0.0,-0.0,394.631350794056,0.0
0.0,517.2239718452491,0.0,0.0,0.0,0.0,-0.0
0.0,570.8337195970063,0.0,0.0,0.0,0.0,-0.0
0.0,538.9719216664425,0.0,-0.0,0.0,0.0,-0.0
0.0,474.9302524508709,0.0,0.0,-0.0,401.34576630572974,0.0
37.982791767137684,610.2933226718303,0.0,0.0,0.0,0.0,0.0
35.715787272607116,552.8783755206376,0.0,-0.0,-0.0,0.0,-0.0
0.0,420.20281598089343,0.0,-0.0,0.0,216.33830183095446,0.0
0.0,392.78360107307213,0.0,-0.0,0.0,258.5353185633588,-0.0
0.0,492.1646354825072,0.0,0.0,-0.0,0.0,0.0
0.0,440.99061335041773,0.0,0.0,-0.0,390.0702724081194,0.0
36.81837582221971,574.9732803578437,0.0,-0.0,0.0,0.0,-0.0
2.6585779981313067,444.1423304220248,0.0,-0.0,0.0,267.54638987231044,-0.0
0.0,328.5202477503548,0.0,0.0,0.0,306.34179475295474,-0.0
25.936754248472823,456.1172991776775,0.0,0.0,-0.0,0.0,0.0
0.0,335.03468344008417,0.0,0.0,-0.0,308.7208992682131,7.1442796713241705
36.22071100093433,395.48174035722246,0.0,-0.0,-0.0,0.0,0.0
0.0,262.2075988930259,0.0,-0.0,-0.0,192.14477802055038,0.0
0.0,236.40411173608075,0.0,0.0,0.0,0.0,0.0
0.0,350.3281762955282,0.0,-0.0,0.0,307.53134701058383,0.0
19.48609600494484,463.7636025493002,0.0,-0.0,0.0,0.0,-0.0
53.470716209001296,594.3868812052071,0.0,0.0,-0.0,0.0,-0.0
13.870107598039539,457.10590563447164,0.0,-0.0,-0.0,45.60883452127302,-0.0
0.0,360.6671166938227,0.0,-0.0,0.0,83.37450802656514,-0.0
0.0,361.15326972132334,0.0,0.0,-0.0,130.3297337894864,-0.0
0.0,454.0920680437805,0.0,-0.0,-0.0,0.0,0.0
0.0,361.4124305671457,0.0,0.0,-0.0,155.37450802656514,0.0
38.13736025540115,496.9587401527331,0.0,-0.0,-0.0,0.0,-0.0
1.4220300920238174,407.3031671605139,0.0,0.0,0.0,0.0,0.0
0.0,424.33240856789854,0.0,0.0,0.0,0.0,-0.0
0.0,346.6499620369416,0.0,0.0,-0.0,256.6186689870057,-0.0
38.91020269671833,483.1124684456707,0.0,-0.0,-0.0,0.0,-0.0
2.359745587488675,349.44741633693377,0.0,-0.0,0.0,251.86045995648882,0.0
0.0,328.7025551356676,0.0,-0.0,-0.0,62.094786451196626,0.0
0.0,454.7949456488296,0.0,0.0,-0.0,0.0,0.0
0.0,370.67318807529756,0.0,-0.0,-0.0,0.0,-0.0
21.856146158317756,379.19545467763606,0.0,0.0,-0.0,0.0,0.0
0.0,262.95035816623016,0.0,-0.0,0.0,129.99988416966278,0.0
0.0,228.43466437661982,0.0,0.0,-0.0,0.0,0.0
0.0,172.70820243645682,0.0,-0.0,0.0,0.0,0.0
33.81974714990878,278.1132381403731,0.0,0.0,0.0,0.0,1.5447079802555663
0.0,147.68541480673616,0.0,0.0,-0.0,105.87080781392763,2.4968038061924744
0.0,149.43362624487227,0.0,0.0,0.0,36.249912329185946,13.015157720226227
0.0,214.9409751379876,0.0,0.0,-0.0,0.0,0.0
0.0,333.2261365755887,0.0,-0.0,0.0,64.61787283507543,0.0
30.800509345829425,460.07468432015276,0.0,-0.0,0.0,0.0,0.0
0.0,431.32587657129477,0.0,-0.0,0.0,0.0,0.0
0.0,290.6610807337566,0.0,0.0,-0.0,136.86334333915238,0.0
1.7208625026663924,341.6735762054173,0.0,-0.0,0.0,323.0603600715567,-0.0
37.44695434115772,474.36135170280335,0.0,-0.0,0.0,0.0,-0.0
0.0,339.63351127922215,0.0,-0.0,-0.0,87.52901306097276,-0.0
31.770982994091124,476.12044960323504,0.0,-0.0,-0.0,0.0,-0.0
36.68441646572464,478.0192588650945,0.0,-0.0,-0.0,0.0,0.0
0.0,344.19539930701296,0.0,-0.0,-0.0,189.17635966770848,-0.0
0.0,292.90953848594603,0.0,-0.0,-0.0,2.9793429353040684,-0.0
0.0,415.45596061903115,0.0,-0.0,-0.0,223.98316383843238,-0.0
37.570609131768435,550.330392534315,0.0,-0.0,0.0,0.0,-0.0
0.11335022472650282,422.5245595183216,0.0,0.0,0.0,0.0,0.0
0.0,291.4206948392258,0.0,-0.0,-0.0,27.08017678736502,-0.0
11.88209538226079,419.6623327347009,0.0,-0.0,0.0,0.0,-0.0
0.0,287.7441625687537,0.0,0.0,0.0,27.08017678736502,0.0
0.0,255.11114059778507,0.0,-0.0,-0.0,157.9104515258425,0.0
0.0,221.86620936805397,0.0,0.0,0.0,0.0,0.0
0.0,220.5706597685775,0.0,-0.0,0.0,0.0,3.382037595382371
0.0,158.4274572536309,0.0,-0.0,-0.0,0.0,0.0
0.0,153.04938938690702,0.0,0.0,0.0,157.91045152584266,27.096103492710537
0.0,267.8918625193634,0.0,0.0,-0.0,114.52388253580908,31.851658036452704
17.930106556426125,379.4826791692105,0.0,-0.0,0.0,0.0,0.0
0.0,402.8097534133523,0.0,-0.0,0.0,0.0,0.0
0.0,348.6588324420598,0.0,0.0,-0.0,0.0,0.0
0.0,318.3718033012828,0.0,-0.0,-0.0,136.06158477587016,0.0
0.0,394.5526703266133,0.0,-0.0,0.0,84.34814998243195,0.0
35.7363964043756,527.2526617816411,0.0,0.0,-0.0,0.0,0.0
0.0,389.5074798205139,0.0,-0.0,0.0,0.0,-0.0
0.0,396.7367152181401,0.0,-0.0,0.0,0.0,-0.0
0.0,361.4563507823459,0.0,0.0,0.0,38.95522576292126,0.0
0.0,407.4600810579528,0.0,0.0,-0.0,0.0,-0.0
0.0,352.67597630428406,0.0,-0.0,-0.0,189.02195028402906,0.0
19.802143673885727,485.8646060649875,0.0,-0.0,0.0,0.0,-0.0
6.278224366758593,550.3015925521493,0.0,-0.0,0.0,0.0,-0.0
0.0,413.17942443075844,0.0,-0.0,0.0,392.73538507746736,0.0
35.334518334890504,545.4029935377526,0.0,-0.0,-0.0,0.0,-0.0
39.80669992864637,632.3771013235723,0.0,0.0,0.0,0.0,0.0
0.0,494.8518065999992,0.0,0.0,-0.0,311.54583281983815,0.0
0.0,367.5644127714857,0.0,0.0,-0.0,237.16672830457958,0.0
0.0,385.13873349646013,0.0,0.0,-0.0,0.0,0.0
0.0,276.5322583720243,0.0,0.0,-0.0,1.6353812939955217,0.0
0.0,267.55076534574863,0.0,0.0,0.0,309.1667283045795,0.0
40.28070995932097,405.6379941208488,0.0,-0.0,0.0,0.0,0.0
0.12365479061074325,389.07950725114085,0.0,-0.0,0.0,0.0,0.0
0.0,268.14611864764123,0.0,0.0,-0.0,254.61433932742787,0.0
0.0,323.93892800932935,0.0,0.0,0.0,0.0,0.0
0.0,376.69405369820754,0.0,0.0,-0.0,136.84866582213579,0.0
31.882488763673482,504.8252769951697,0.0,0.0,0.0,0.0,-0.0
0.0,410.1689242757203,0.0,-0.0,0.0,13.135231028697488,-0.0
0.0,365.55903153304615,0.0,-0.0,-0.0,182.61433932742787,0.0
36.93172604694624,499.6760740745329,0.0,0.0,-0.0,0.0,0.0
37.14812193051503,499.2337642079808,0.0,0.0,-0.0,0.0,-0.0
0.0,364.8601865560145,0.0,0.0,0.0,181.37908592224395,-0.0
0.0,435.8348299936373,0.0,-0.0,0.0,0.0,0.0
0.0,361.760961005699,0.0,-0.0,0.0,155.53134701058397,0.0
0.0,436.4821895964447,0.0,0.0,-0.0,0.0,0.0
0.0,430.9550961002395,0.0,-0.0,0.0,0.0,-0.0
0.0,420.05099937548584,0.0,0.0,0.0,0.0,0.0
0.0,367.49603392234326,0.0,0.0,-0.0,40.14477802055052,0.0
0.0,343.22637683224383,0.0,0.0,-0.0,77.42595307625255,-0.0
0.0,476.39208557372865,0.0,0.0,0.0,0.0,0.0
32.974772747401886,488.4304597808266,0.0,-0.0,0.0,0.0,0.0
0.0,359.00434497382435,0.0,0.0,-0.0,31.66027957096031,0.0
0.0,346.22499350708654,0.0,0.0,0.0,0.0,0.0
0.0,260.6411312856029,0.0,0.0,0.0,0.0,0.0
0.0,263.3855571372999,0.0,0.0,-0.0,0.0,0.0
0.0,240.98231823605298,0.0,0.0,0.0,17.620000862428522,0.0
0.0,268.4506708556423,0.0,0.0,-0.0,0.0,0.0
0.0,255.53652449684807,0.0,-0.0,-0.0,16.430448604799437,0.0
14.098143664537242,386.8805446536265,0.0,-0.0,-0.0,0.0,0.0
0.0,276.74495032155573,0.0,-0.0,0.0,0.0,0.0
0.0,279.6010993581209,0.0,0.0,-0.0,0.0,0.0
0.0,282.5180175231237,0.0,0.0,0.0,160.28955604110092,0.0
0.0,284.34109137625046,0.0,-0.0,-0.0,109.76567350529189,0.0
30.893311792869586,418.8979083928451,0.0,0.0,-0.0,0.0,0.0
37.483112172372856,458.6173668488561,0.0,0.0,0.0,0.0,0.0
0.0,320.62786573489115,0.0,0.0,-0.0,0.0,0.0
0.0,337.5841635146026,0.0,0.0,0.0,0.0,0.0
0.0,304.6379802743945,0.0,0.0,-0.0,14.504941675887519,-0.0
0.0,304.85067222392615,0.0,-0.0,-0.0,117.30691105287632,-0.0
37.93126893771648,440.15266265667606,0.0,-0.0,0.0,0.0,-0.0
0.6904059142433994,314.8378983372255,0.0,0.0,0.0,0.0,-0.0
0.0,321.6352896551751,0.0,-0.0,-0.0,220.00663134257914,-0.0
36.97294431048314,455.80119602722937,0.0,0.0,-0.0,0.0,-0.0
1.659035107361035,371.05142454388783,0.0,-0.0,-0.0,0.0,-0.0
37.003858008135836,503.28720960852405,0.0,-0.0,-0.0,0.0,0.0
0.0,369.084655363544,0.0,0.0,-0.0,309.5629416402907,0.0
0.0,287.6530088760973,0.0,0.0,0.0,109.41816361974026,0.0
0.0,260.8538232351344,0.0,0.0,0.0,83.31082654090409,0.0
37.096599101093915,402.9234542014897,0.0,-0.0,0.0,0.0,0.0
3.060456067616314,272.23909575737315,0.0,0.0,-0.0,79.74216976801637,0.0
41.14629349359626,384.55352155574894,0.0,-0.0,0.0,0.0,0.0
0.0,245.4401523387304,0.0,0.0,0.0,203.45560456145452,0.0
3.35772816390335,364.8980457099528,0.0,0.0,-0.0,0.0,0.0
0.0,320.1644925901907,0.0,0.0,-0.0,203.45560456145452,0.0
2.2360907968778747,446.21076469706276,0.0,0.0,0.0,155.3108265409041,-0.0
38.93081182848681,580.0468402127862,0.0,-0.0,-0.0,0.0,-0.0
0.0,443.5599018887732,0.0,0.0,-0.0,276.64515681908375,-0.0
18.913060534548137,499.0170436615708,0.0,0.0,-0.0,0.0,-0.0
0.0,361.6872042602678,0.0,0.0,-0.0,164.86394153049153,0.0
35.42725942784864,494.02071698603913,0.0,-0.0,-0.0,0.0,-0.0
0.0,358.26673612053946,0.0,0.0,0.0,339.77879967044925,0.0
0.0,476.62101270915576,0.0,0.0,-0.0,0.0,0.0
17.14394002162291,313.26389189021745,0.0,-0.0,-0.0,23.214277545439245,-0.0
36.702870660107465,359.3800853928908,0.0,-0.0,-0.0,0.0,0.0
0.0,226.10881791408022,0.0,-0.0,-0.0,136.37364164242103,0.0
0.0371547956092968,278.42807786665026,0.0,0.0,0.0,0.0,-0.0
37.520276163512534,317.8633348857203,0.0,0.0,-0.0,0.0,-0.0
0.0,183.0687290092708,0.0,0.0,-0.0,281.81712559348335,-0.0
0.0,181.08684362197508,0.0,0.0,0.0,210.92653112384602,-0.0
0.0,166.58892116925696,0.0,0.0,-0.0,65.77165130765876,-0.0
0.0,237.77015702547484,0.0,-0.0,0.0,0.0,0.0
0.0,297.92472425656064,0.0,-0.0,-0.0,0.0,0.0
33.19707014911732,217.3072932311731,0.0,0.0,0.0,0.0,0.0
0.0,88.99379981013301,0.0,0.0,-0.0,99.2602182040128,0.0
0.0,86.40873191366029,0.0,0.0,-0.0,139.31017677063187,0.0
0.0,111.04373951460701,0.0,-0.0,-0.0,211.31017677063184,4.898872282606021
30.57976034369132,232.90381754201303,0.0,0.0,0.0,0.0,0.0
39.1550871703227,276.8346040461378,0.0,0.0,-0.0,0.0,-0.0
0.0,138.9933213744103,0.0,-0.0,-0.0,202.3861123009266,-0.0
0.0,167.77898080836346,0.0,0.0,-0.0,0.0,-0.0
0.0,146.5331027391225,0.0,-0.0,-0.0,146.3187281939631,-0.0
0.0,193.15222815539605,0.0,0.0,-0.0,0.0,-0.0
0.0,229.23320711308526,0.0,0.0,-0.0,0.0,0.0
0.0,201.859258297641,0.0,0.0,-0.0,0.0,0.0
0.0,154.13751080124658,0.0,-0.0,0.0,277.57135147737046,0.0
0.0,153.68512391936372,0.0,0.0,-0.0,360.89956806845817,0.0
36.69543970098562,286.9425428672866,0.0,0.0,-0.0,0.0,-0.0
0.0,263.8955221722525,0.0,-0.0,0.0,0.0,-0.0
0.0,258.26799345230705,0.0,0.0,0.0,0.0,-0.0
30.73803573130508,327.1464889709519,0.0,0.0,0.0,0.0,-0.0
0.0,189.59602544786455,0.0,-0.0,-0.0,175.0404701694943,0.0
0.0,217.70212097817264,0.0,0.0,0.0,74.21881106072499,0.0
35.580795832705974,330.56438876367355,0.0,0.0,-0.0,0.0,-0.0
0.0,199.38424944889476,0.0,-0.0,-0.0,292.7717005421501,-0.0
0.0,238.4501518402036,0.0,0.0,-0.0,0.0,-0.0
0.0,191.59613136413495,0.0,0.0,-0.0,74.55288948142498,-0.0
39.378015943978625,329.8528699624912,0.0,0.0,-0.0,0.0,0.0
0.5870457706272418,192.69016530425742,0.0,-0.0,0.0,74.55288948142498,-0.0
0.0,161.0956518892524,0.0,-0.0,-0.0,227.76221214502556,0.0
9.415025207402039,288.1610172275496,0.0,-0.0,-0.0,295.3245900235751,0.0
42.14233273731213,414.0233206814798,0.0,-0.0,-0.0,0.0,0.0
0.0,270.6149285929263,0.0,0.0,-0.0,77.88110607251281,-0.0
0.0,290.3897426388557,0.0,0.0,-0.0,370.65280661466306,-0.0
35.2018169174909,420.8636068783657,0.0,0.0,-0.0,0.0,-0.0
0.0,337.59746274071415,0.0,-0.0,-0.0,34.50293091480603,0.0
0.0,398.4885708964341,0.0,0.0,-0.0,0.0,0.0
0.0,428.989885075709,0.0,0.0,0.0,0.0,0.0
0.0,319.87313382252376,0.0,-0.0,0.0,145.20932266360057,-0.0
34.347256618476536,448.7544170099565,0.0,-0.0,0.0,0.0,-0.0
39.675254308853226,429.8341501157868,0.0,-0.0,-0.0,29.8311475058938,0.0
0.0,291.0234702819254,0.0,0.0,0.0,283.76221214502567,0.0
0.0,346.65461974633524,0.0,0.0,0.0,471.37454859019414,0.0
37.81008356926526,481.98931832740226,0.0,0.0,0.0,0.0,-0.0
36.85892080166661,451.17394943782557,0.0,0.0,0.0,28.721741975531245,-0.0
0.0,317.61186281037476,0.0,0.0,-0.0,395.8121707116447,0.0
0.0,443.4847092599652,0.0,-0.0,0.0,66.21881106072499,0.0
35.54364103709662,554.5516014093919,0.0,0.0,0.0,0.0,-0.0
0.0,423.44070474905106,0.0,-0.0,-0.0,399.04047016949426,-0.0
31.961918740358072,419.51667608924714,0.0,-0.0,-0.0,0.0,0.0
0.0,295.0807713167427,0.0,-0.0,-0.0,145.20932266360063,0.0
0.0,390.84988801090634,0.0,0.0,0.0,0.0,0.0
0.0,351.6790800918537,0.0,0.0,0.0,35.37817515770678,0.0
22.114993550506583,367.93363401786206,0.0,-0.0,-0.0,0.0,0.0
0.0,231.94805448507654,0.0,-0.0,0.0,256.149875699857,0.0
0.0,293.62017471088575,0.0,0.0,-0.0,333.9310646391318,0.0
34.555323473888706,422.88921676317216,0.0,-0.0,0.0,0.0,-0.0
38.4417150946237,465.3562778598756,0.0,-0.0,-0.0,0.0,-0.0
0.0,328.8444541533604,0.0,-0.0,-0.0,304.0999171332382,-0.0
0.0,456.3395748476683,0.0,0.0,0.0,0.0,-0.0
0.0,435.32229220969094,0.0,-0.0,0.0,29.83114750589391,0.0
0.0,302.11976243115623,0.0,-0.0,-0.0,180.82165910876932,0.0
34.599909228619936,431.47189566876835,0.0,0.0,-0.0,38.076309688372724,0.0
0.0,447.91315421477253,0.0,0.0,0.0,72.0999171332382,-0.0
0.0,388.02653648932204,0.0,0.0,0.0,142.9905116028755,0.0
0.0,516.0563335210966,0.0,-0.0,0.0,331.7122535784067,-0.0
36.33132270401427,648.6351744555257,0.0,0.0,0.0,0.0,0.0
1.808140881778094,528.5890719704553,0.0,0.0,-0.0,115.37817515770688,0.0
38.59275209222611,662.0126732890297,0.0,0.0,-0.0,0.0,-0.0
37.44596657229391,526.6364291152998,0.0,0.0,0.0,0.0,-0.0
0.0,391.98030854772657,0.0,0.0,0.0,257.2592812302196,0.0
0.0,493.4247473509237,0.0,-0.0,0.0,72.0999171332382,0.0
0.0,494.8378578281413,0.0,-0.0,-0.0,42.26876962734428,0.0
0.0,469.3199940167816,0.0,0.0,-0.0,0.0,-0.0
0.0,375.90210897106664,0.0,-0.0,0.0,44.487580688069386,0.0
0.0,394.69593813508817,0.0,-0.0,-0.0,0.0,0.0
0.0,300.4586252103282,0.0,0.0,0.0,78.42577352534602,-0.0
0.0,223.05111247471632,0.0,-0.0,-0.0,149.3163679949834,0.0
0.0,254.65588940154615,0.0,0.0,0.0,221.31636799498347,-0.0
35.305850345197,385.32363307348294,0.0,-0.0,-0.0,0.0,-0.0
0.0,406.8750968616639,0.0,-0.0,0.0,0.0,0.0
0.0,383.27722169289484,0.0,-0.0,-0.0,20.659920212796624,0.0
0.0,250.69838075846565,0.0,0.0,-0.0,325.83114750589385,0.0
38.54574852232983,387.4040838974077,0.0,-0.0,0.0,0.0,0.0
1.7239825162724858,253.91123992439512,0.0,0.0,0.0,325.83114750589385,0.0
0.0,313.28823890349213,0.0,0.0,0.0,363.66229501178753,-0.0
38.09246001589611,449.14918165828897,0.0,0.0,-0.0,0.0,-0.0
1.582794292957118,316.2379759825567,0.0,0.0,0.0,141.78118893927473,-0.0
0.0,294.12163002397835,0.0,-0.0,-0.0,67.56237787854957,0.0
0.0,356.92986261013647,0.0,-0.0,0.0,0.0,0.0
0.0,286.5672068828134,0.0,-0.0,0.0,66.78369241732041,-0.0
0.0,320.8317501678955,0.0,0.0,-0.0,30.061950441789122,-0.0
0.0,213.05551660835476,0.0,0.0,0.0,213.00250347804553,-0.0
36.769749292204295,349.15188438824117,0.0,0.0,0.0,0.0,0.0
0.0,215.75598013144193,0.0,0.0,0.0,121.40945822942719,0.0
0.0,351.30911921094236,0.0,-0.0,0.0,0.0,-0.0
34.41413525057325,418.93865765876103,0.0,-0.0,-0.0,0.0,-0.0
0.0,289.9327376933396,0.0,-0.0,0.0,0.0,-0.0
0.0,181.79773729350507,0.0,0.0,0.0,141.88110607251298,0.0
35.20181691749087,298.31223489206195,0.0,-0.0,-0.0,0.0,0.0
0.0,167.83837065255213,0.0,-0.0,-0.0,171.646273476743,0.0
0.0,217.72421505989084,0.0,0.0,0.0,0.0,-0.0
0.0,158.27361943560297,0.0,-0.0,0.0,145.38177817130685,0.0
36.51709668206084,291.1986736422229,0.0,0.0,0.0,0.0,0.0
0.0,168.87239781114127,0.0,-0.0,-0.0,210.55288948142507,-0.0
0.0,289.40123343141175,0.0,0.0,0.0,0.0,0.0
0.0,318.0284997704618,0.0,0.0,0.0,0.0,0.0
11.300081743579575,386.490275733346,0.0,-0.0,-0.0,0.0,0.0
0.0,251.37715364648108,0.0,-0.0,0.0,0.0,-0.0
0.0,174.45183602102836,0.0,-0.0,-0.0,139.66229501178776,0.0
0.0,186.82542476836386,0.0,0.0,0.0,68.7717005421503,0.0
0.0,221.23810638895077,0.0,0.0,0.0,37.831147505893846,0.0
0.0,261.4730352224584,0.0,0.0,-0.0,0.0,0.0
1.2484011324732194,282.33154520075965,0.0,-0.0,0.0,75.32821659108777,-0.0
38.151907688871034,415.97672301353623,0.0,-0.0,-0.0,0.0,0.0
0.0,280.00499201163836,0.0,0.0,0.0,69.78118893927478,0.0
0.0,185.28757895374326,0.0,0.0,-0.0,98.39057739914965,-0.0
5.209102344426896,318.8081199885311,0.0,-0.0,0.0,0.0,0.0
40.67843379030495,343.1369697365076,0.0,-0.0,0.0,0.0,-0.0
0.0,202.45673823281652,0.0,0.0,-0.0,275.4303638718483,-0.0
7.555085028972769,309.5788422684497,0.0,0.0,-0.0,0.0,0.0
0.0,184.92136100174304,0.0,0.0,-0.0,144.94713204590806,0.0
25.596492740194495,327.84505450922967,0.0,0.0,0.0,0.0,0.0
0.0,196.81724903421465,0.0,-0.0,0.0,35.11598454001415,-0.0
0.0,225.95048893661294,0.0,0.0,0.0,0.0,-0.0
36.896075597275996,317.0494618755134,0.0,0.0,-0.0,0.0,0.0
0.0,178.48805559762928,0.0,0.0,-0.0,241.57729706876697,-0.0
0.0,304.3919046442222,0.0,0.0,-0.0,108.72174197553119,-0.0
31.924763944748776,428.75856676228864,0.0,-0.0,-0.0,0.0,-0.0
0.0,335.56291747579337,0.0,-0.0,-0.0,0.0,0.0
0.0,212.64621419141332,0.0,0.0,-0.0,138.552889481425,-0.0
0.0,280.9203120862697,0.0,0.0,-0.0,74.19336018744767,-0.0
0.0,217.1916252427112,0.0,-0.0,0.0,140.64633253563477,0.0
7.5019673285772415,351.94468552649784,0.0,0.0,0.0,0.0,0.0
0.0,289.9406834769078,0.0,-0.0,0.0,67.2028485845724,-0.0
0.0,311.01749307136413,0.0,-0.0,-0.0,359.9745491267226,0.0
36.80690408781362,444.4826399826015,0.0,0.0,0.0,0.0,0.0
0.0,344.84066891189514,0.0,-0.0,0.0,27.152890017953496,0.0
0.0,228.6976399307405,0.0,-0.0,0.0,367.0904287361135,-0.0
35.9300509114336,360.5286601972379,0.0,-0.0,0.0,0.0,-0.0
0.0,264.69820479051646,0.0,0.0,-0.0,144.09991713323814,-0.0
26.537251820173772,395.9891323523963,0.0,-0.0,-0.0,0.0,0.0
0.0,405.00594829730437,0.0,0.0,0.0,32.04995856661901,-0.0
34.41413525057325,413.21840945485013,0.0,0.0,-0.0,0.0,-0.0
0.0,284.2124894894287,0.0,0.0,0.0,363.76221214502567,-0.0
0.0,294.5435274299085,0.0,0.0,0.0,66.55288948142493,-0.0
0.0,300.68137954397804,0.0,-0.0,-0.0,0.0,-0.0
0.0,200.7727979652793,0.0,-0.0,-0.0,69.78118893927501,-0.0
0.0,219.5997233907983,0.0,0.0,0.0,33.05944696374365,0.0
0.0,246.28322749545052,0.0,-0.0,-0.0,0.0,0.0
0.0,220.91043928331393,0.0,0.0,0.0,30.840635903018548,0.0
10.455359484463031,246.04752660003282,0.0,-0.0,-0.0,66.45297234818713,0.0
41.139153255860435,368.1014840598656,0.0,0.0,-0.0,0.0,0.0
0.0,226.56264364114173,0.0,-0.0,0.0,179.61233644516864,-0.0
0.0,268.5354176966864,0.0,-0.0,0.0,106.50293091480609,0.0
2.052466504825156,382.8146768684651,0.0,0.0,0.0,0.0,0.0
0.0,246.48288406348905,0.0,-0.0,0.0,144.0999171332382,-0.0
0.0,232.5296947617829,0.0,0.0,-0.0,178.60284804804417,-0.0
0.0,259.4672842386764,0.0,0.0,-0.0,139.66229501178782,-0.0
9.58721003400512,393.7910400649466,0.0,0.0,0.0,0.0,0.0
0.0,393.5841474479844,0.0,-0.0,0.0,15.908400192636567,-0.0
0.0,256.7676560619414,0.0,0.0,0.0,362.65280661466306,-0.0
36.45764900908597,389.5819220214603,0.0,0.0,-0.0,0.0,-0.0
0.0,254.70422495968504,0.0,0.0,-0.0,363.7622121450255,-0.0
17.388249854553063,393.2794797684566,0.0,0.0,0.0,0.0,-0.0
33.64131550189944,462.12118645133916,0.0,0.0,-0.0,0.0,-0.0
0.0,334.55551369823087,0.0,0.0,0.0,43.20994549885949,0.0
0.0,207.43299393352666,0.0,-0.0,-0.0,293.81279354690366,-0.0
32.571257388350915,342.36162896507324,0.0,0.0,-0.0,0.0,0.0
0.0,216.7901446597833,0.0,-0.0,-0.0,290.4845769558157,-0.0
19.18168822710269,281.8462861398747,0.0,-0.0,-0.0,0.0,-0.0
0.0,154.46064428830562,0.0,0.0,0.0,68.60347088330298,-0.0
0.0,144.3573372595912,0.0,0.0,0.0,321.66827198501073,-0.0
38.78353921422948,282.4201964255207,0.0,0.0,-0.0,0.0,-0.0
0.0,158.11771520872156,0.0,0.0,0.0,360.54526103039865,-0.0
33.306922341415515,285.06020407188646,0.0,0.0,-0.0,0.0,-0.0
0.0,202.89891576008372,0.0,0.0,-0.0,29.942412982354767,0.0
0.0,167.1921036784339,0.0,0.0,-0.0,66.66415495788588,-0.0
0.6093386479928995,176.24275891987986,0.0,0.0,0.0,248.4953024637797,-0.0
37.93640987433699,310.6773029932511,0.0,0.0,0.0,0.0,-0.0
0.0,175.10717938709445,0.0,0.0,-0.0,361.6546665607612,-0.0
0.0,170.2726429217307,0.0,-0.0,-0.0,71.22229860011677,-0.0
14.059910250541655,303.9039722036195,0.0,-0.0,-0.0,0.0,-0.0
0.0,178.42078125723583,0.0,-0.0,0.0,69.00348753939181,-0.0
0.0,249.77463276140548,0.0,-0.0,0.0,0.0,-0.0
0.0,317.59198370113234,0.0,0.0,-0.0,0.0,-0.0
0.0,184.95208139922286,0.0,0.0,-0.0,80.09991713323791,-0.0
0.0,181.69002613115205,0.0,-0.0,-0.0,216.43399555393776,0.0
0.0,183.04718677680034,0.0,0.0,0.0,175.88252835445306,-0.0
36.6880087418638,316.29075719383553,0.0,0.0,0.0,0.0,-0.0
0.0,287.3764751917755,0.0,0.0,-0.0,4.4376221214503175,0.0
0.0,231.2167137756445,0.0,-0.0,-0.0,74.21881106072499,0.0
32.690152734300824,330.0817759912712,0.0,0.0,0.0,0.0,-0.0
0.0,204.28871519177912,0.0,0.0,-0.0,76.43762212145032,0.0
0.0,239.89242063677165,0.0,0.0,0.0,0.0,0.0
3.0504248368022715,186.575473191841,0.0,0.0,0.0,362.65280661466306,-0.0
38.98047574823584,318.4064934583382,0.0,-0.0,-0.0,0.0,-0.0
0.0,179.66505627891507,0.0,0.0,-0.0,142.99051160287542,0.0
0.0,283.58782343650364,0.0,0.0,0.0,0.0,0.0
0.0,411.58280064712847,0.0,0.0,-0.0,0.0,0.0
3.4405340734231515,277.2953461319762,0.0,-0.0,0.0,154.59649309298163,-0.0
39.177380047688274,408.7663045953952,0.0,0.0,0.0,0.0,0.0
0.0,270.88347633100494,0.0,0.0,0.0,262.2088295381502,-0.0
0.0,222.297134338245,0.0,0.0,0.0,183.3182350685128,0.0
0.0,355.0421576433257,0.0,-0.0,-0.0,23.57515427816915,0.0
0.0,387.59142887791904,0.0,0.0,-0.0,0.0,0.0
0.0,350.5041434456529,0.0,0.0,0.0,42.26876962734434,-0.0
0.0,399.9308396930023,0.0,-0.0,-0.0,0.0,0.0
0.0,411.0950685256965,0.0,0.0,0.0,0.0,0.0
0.0,386.76615472808464,0.0,0.0,0.0,36.721741975531074,-0.0
0.0,435.5068033416838,0.0,-0.0,0.0,0.0,-0.0
0.0,301.1164871553813,0.0,0.0,-0.0,142.99051160287542,-0.0
14.867100975223773,434.5816340666187,0.0,-0.0,0.0,0.0,0.0
38.612627154426605,418.31453868443595,0.0,-0.0,0.0,0.0,-0.0
0.0,281.48419876750523,0.0,-0.0,0.0,253.93106463913202,0.0
0.0,290.0227202518716,0.0,-0.0,0.0,178.60284804804417,0.0
0.0,411.5352256524694,0.0,-0.0,-0.0,33.15936409698178,0.0
0.0,387.00383788672457,0.0,-0.0,0.0,0.0,-0.0
0.0,338.9816286972884,0.0,-0.0,0.0,0.0,-0.0
5.03507829379466,321.2870254920594,0.0,0.0,-0.0,0.0,-0.0
0.0,190.71622153633606,0.0,0.0,-0.0,126.47179731674058,0.0
0.0,288.7693076315817,0.0,-0.0,0.0,0.0,0.0
17.22996961755086,353.9680828562138,0.0,0.0,-0.0,0.0,0.0
0.0,209.28562592599872,0.0,0.0,0.0,181.93106463913168,0.0
0.0,264.7789170165792,0.0,0.0,-0.0,255.04047016949414,0.0
33.47783440121839,392.0399220901597,0.0,0.0,0.0,0.0,0.0
0.0,439.2460187401936,0.0,0.0,-0.0,0.0,0.0
0.0,303.3242459583902,0.0,0.0,-0.0,258.368686760582,0.0
35.238971713100256,433.86735285233823,0.0,-0.0,-0.0,0.0,-0.0
0.0,340.9243848117185,0.0,-0.0,-0.0,358.2151844932126,-0.0
34.755959370179056,470.56733719797086,0.0,0.0,-0.0,0.0,-0.0
4.867278224821121,487.6076112131636,0.0,0.0,0.0,34.26876962734423,-0.0
39.69011622709695,506.65771499899176,0.0,0.0,0.0,0.0,-0.0
0.0,367.8193381033551,0.0,0.0,-0.0,368.19983426647593,-0.0
3.834374906881976,498.736355331269,0.0,0.0,0.0,74.3318325300487,-0.0
39.31113731188185,552.4948696875222,0.0,0.0,-0.0,0.0,-0.0
0.0,414.36276786715456,0.0,-0.0,0.0,364.8716176753882,-0.0
0.0,435.7289459728274,0.0,-0.0,0.0,181.9310646391318,-0.0
0.0,416.9801560885254,0.0,0.0,-0.0,220.8716176753882,0.0
0.0,478.74626315095776,0.0,-0.0,-0.0,178.60284804804408,-0.0
0.0,613.4978964517322,0.0,0.0,-0.0,27.612336445168463,-0.0
0.0,562.9606310680407,0.0,-0.0,-0.0,0.0,-0.0
0.0,446.16911534550616,0.0,0.0,-0.0,47.135274584575484,0.0
28.457701803817105,522.1716664446467,0.0,0.0,0.0,0.0,-0.0
0.0,392.87492733058497,0.0,0.0,-0.0,43.80705799348766,0.0
0.0,341.75123456167864,0.0,0.0,-0.0,87.18523315119444,-0.0
0.0,273.3223899879227,0.0,-0.0,0.0,171.71225357840666,-0.0
31.070203645734352,396.09647105391196,0.0,-0.0,0.0,140.77170054215026,0.0
57.19881947542899,509.66127907962937,0.0,0.0,-0.0,0.0,-0.0
17.07027666014207,425.45574510024113,0.0,0.0,-0.0,142.869901698718,0.0
0.0,565.471247121326,0.0,-0.0,0.0,0.0,0.0
32.06595216806417,498.5771743842827,0.0,0.0,-0.0,0.0,-0.0
0.0,373.9473901793514,0.0,0.0,-0.0,475.81217071164457,0.0
0.0,396.3777581673602,0.0,-0.0,-0.0,73.20932266360069,-0.0
0.0,406.9494512853789,0.0,-0.0,-0.0,220.87161767538817,0.0
39.18481100681012,544.8461280806569,0.0,0.0,0.0,0.0,0.0
2.5116641831901347,411.63025472539675,0.0,-0.0,0.0,330.70276518128196,-0.0
0.0,285.1642176852718,0.0,0.0,-0.0,151.09042873611344,0.0
0.0,419.0863661158008,0.0,0.0,0.0,20.747243615587134,-0.0
0.0,402.61875240114387,0.0,-0.0,-0.0,35.61233644516847,-0.0
0.0,426.37243429675186,0.0,0.0,0.0,0.0,0.0
34.88971663437263,375.0301699089351,0.0,0.0,0.0,0.0,-0.0
0.0,245.13794396670545,0.0,0.0,-0.0,146.3187281939633,-0.0
0.0,223.50349935659898,0.0,0.0,-0.0,178.76978500065118,0.0
42.90772152686412,368.3382901265781,0.0,0.0,0.0,0.0,0.0
12.892714076434544,247.53070044663178,0.0,0.0,0.0,175.4415684095634,-0.0
0.0,166.61046340172763,0.0,0.0,0.0,107.61233644516864,0.0
34.26551606813601,308.9035974060879,0.0,0.0,0.0,0.0,-0.0
0.0,180.1746480584189,0.0,0.0,-0.0,0.0,-0.0
0.0,137.7654141235858,0.0,0.0,-0.0,145.4434839510625,-0.0
1.1004028604106897,271.03668160239636,0.0,-0.0,-0.0,0.0,-0.0
0.0,156.08066797510048,0.0,0.0,-0.0,66.87003392032125,-0.0
32.259157105232646,281.07051398311,0.0,-0.0,0.0,0.0,-0.0
0.6343350981847706,188.44195965347868,0.0,0.0,-0.0,64.65122285959578,0.0
36.973088761320916,321.0346491187955,0.0,-0.0,0.0,0.0,-0.0
0.0,183.2626091015063,0.0,0.0,0.0,267.0796164880507,-0.0
0.0,189.35287840873215,0.0,-0.0,-0.0,84.1390634517943,-0.0
0.0,180.6344567400923,0.0,-0.0,0.0,234.0201695243071,0.0
0.0,274.58756616793886,0.0,0.0,-0.0,0.0,0.0
0.0,173.374724397498,0.0,-0.0,0.0,158.3578745125194,0.0
37.54256904087816,308.9309994727669,0.0,0.0,-0.0,0.0,0.0
0.0,246.40933890274647,0.0,0.0,-0.0,0.0,-0.0
0.0,250.57589320394342,0.0,0.0,0.0,0.0,0.0
0.0,256.13129893887253,0.0,-0.0,0.0,0.0,-0.0
3.4851198281543816,257.987915394304,0.0,0.0,-0.0,0.0,0.0
39.935337878118474,390.78833282293516,0.0,0.0,-0.0,0.0,-0.0
0.0,251.49295440800688,0.0,0.0,0.0,88.14857673879315,-0.0
0.0,193.49516952504428,0.0,-0.0,-0.0,233.35789940239383,0.0
0.0,226.1648628590404,0.0,-0.0,-0.0,38.94055303625645,0.0
0.0,153.53432829206957,0.0,-0.0,0.0,222.9905116028754,-0.0
33.31435330053739,268.28369279819873,0.0,0.0,-0.0,0.0,-0.0
0.0,141.32735540414598,0.0,0.0,-0.0,1.109405530362551,-0.0
8.625175259046912,254.0352363083575,0.0,0.0,0.0,0.0,0.0
0.0,118.5066582948637,0.0,0.0,0.0,332.8216591087692,0.0
22.879374158614407,249.21594755946327,0.0,-0.0,-0.0,0.0,-0.0
0.0,160.67447155119442,0.0,0.0,-0.0,0.0,0.0
0.0,183.1631813050906,0.0,-0.0,0.0,0.0,0.0
0.0,143.1940567061785,0.0,-0.0,-0.0,31.1552597309955,0.0
0.0,166.92430300298992,0.0,0.0,-0.0,0.0,-0.0
0.0,170.46472663458115,0.0,-0.0,0.0,0.0,-0.0
0.0,139.8980951381758,0.0,-0.0,-0.0,26.278364785112018,0.0
0.0,203.7088078483253,0.0,-0.0,0.0,0.0,-0.0
0.0,141.43374385423277,0.0,0.0,-0.0,327.433745386832,-0.0
37.237899716881714,275.70210555695246,0.0,-0.0,-0.0,0.0,-0.0
0.0,140.04889076547008,0.0,-0.0,-0.0,327.433745386832,-0.0
0.0,138.82098351464552,0.0,0.0,0.0,143.38378682021306,0.0
0.0,153.8289332986069,0.0,-0.0,-0.0,212.0555702291252,0.0
36.673146823620044,287.044806653867,0.0,0.0,0.0,0.0,0.0
0.0,251.60713774574128,0.0,-0.0,-0.0,0.0,0.0
0.0,146.59772943653448,0.0,-0.0,0.0,63.28386968697487,0.0
0.0,265.9640492593966,0.0,0.0,-0.0,0.0,-0.0
34.93430238910378,274.33265438714653,0.0,0.0,0.0,0.0,0.0
0.0,144.3573372595912,0.0,0.0,0.0,141.81027914177636,-0.0
0.0,252.30770789796117,0.0,0.0,0.0,0.0,0.0
37.081849575322565,268.0337415091252,0.0,0.0,0.0,0.0,0.0
0.0,134.05619895504572,0.0,0.0,0.0,289.4725741535639,0.0
0.0,132.17819914726968,0.0,-0.0,0.0,218.58197968392662,0.0
35.48419336412174,263.1783075605093,0.0,0.0,0.0,0.0,-0.0
0.0,137.31302724170294,0.0,0.0,-0.0,93.3722089645078,0.0
0.0,152.56492783089226,0.0,-0.0,0.0,130.09395094003904,-0.0
0.0,170.5957764087898,0.0,0.0,0.0,96.7004255555956,0.0
3.0853308079636266,301.1111862409626,0.0,-0.0,0.0,0.0,-0.0
0.0,347.50518008472045,0.0,0.0,-0.0,0.0,0.0
0.0,282.8933977196375,0.0,-0.0,-0.0,0.0,0.0
0.0,195.8432728643403,0.0,-0.0,-0.0,280.0207331654258,0.0
0.0,322.9934896908196,0.0,0.0,0.0,246.8613690684443,0.0
32.742169448153845,448.88349020652504,0.0,0.0,0.0,0.0,-0.0
40.827052972742166,403.0965346286317,0.0,0.0,0.0,0.0,-0.0
0.0,262.1393325071881,0.0,-0.0,0.0,319.9707745988069,0.0
0.0,386.08031841531135,0.0,0.0,-0.0,50.01407591756644,-0.0
0.0,251.85350230525458,0.0,-0.0,0.0,358.49509009681947,-0.0
38.90243456017927,389.22393492680266,0.0,-0.0,0.0,0.0,0.0
34.71880457456973,441.7439185123153,0.0,0.0,-0.0,0.0,-0.0
0.0,312.1702087805011,0.0,0.0,-0.0,294.49509009681947,-0.0
0.0,265.08608709981695,0.0,-0.0,0.0,104.66394259092561,0.0
0.0,218.4410747260064,0.0,-0.0,-0.0,142.4950900968195,-0.0
0.0,209.759555040352,0.0,0.0,-0.0,189.99440126101635,0.0
1.5600662727763375,356.38080629483494,0.0,0.0,-0.0,0.0,-0.0
0.0,344.208170177826,0.0,0.0,0.0,0.0,0.0
0.0,284.2867073000796,0.0,0.0,0.0,0.0,0.0
0.0,155.12845349489444,0.0,-0.0,-0.0,80.16325375512251,-0.0
0.0,151.74632299700917,0.0,0.0,0.0,117.99440126101638,0.0
0.0,223.6587049524649,0.0,-0.0,0.0,0.0,-0.0
0.0,167.42906823561069,0.0,-0.0,0.0,67.01478139190372,-0.0
0.0,233.1946929671797,0.0,-0.0,-0.0,141.23359245262895,-0.0
35.655105423924624,364.5133175908349,0.0,0.0,0.0,0.0,-0.0
0.0,251.3902172067559,0.0,-0.0,-0.0,40.0499585666189,0.0
0.0,288.7158902687459,0.0,-0.0,0.0,0.0,-0.0
37.64660246858426,323.50586026093214,0.0,0.0,-0.0,0.0,-0.0
0.0,188.47582935939297,0.0,0.0,0.0,287.4385312864277,-0.0
0.0,258.9094609412331,0.0,-0.0,-0.0,32.04995856661889,-0.0
0.0,297.0489988711399,0.0,-0.0,0.0,0.0,-0.0
0.0,330.86173041134185,0.0,-0.0,-0.0,0.0,0.0
0.0,296.1779809705014,0.0,0.0,0.0,3.32821659108788,-0.0
0.0,194.59382338104524,0.0,0.0,-0.0,251.71225357840677,0.0
0.0,304.68768175666753,0.0,0.0,0.0,0.0,0.0
5.610374137007483,300.66997668275667,0.0,0.0,0.0,5.351588105564928,0.0
41.07970558288551,422.0386129034316,0.0,0.0,-0.0,0.0,-0.0
0.0,280.61056073180885,0.0,-0.0,-0.0,111.85451902037101,0.0
0.0,225.55001144130657,0.0,-0.0,-0.0,153.0138831173527,-0.0
0.0,221.43544503942078,0.0,0.0,-0.0,194.1732472143341,0.0
0.0,243.59801584219412,0.0,0.0,-0.0,48.96392455073356,-0.0
27.800581632114106,257.455208513333,0.0,-0.0,-0.0,0.0,0.0
0.0,140.77448103789953,0.0,-0.0,-0.0,274.1732472143341,0.0
0.0,201.4174922759198,0.0,-0.0,0.0,0.0,0.0
28.513890785796203,245.86610896650186,0.0,0.0,0.0,0.0,0.0
0.0,108.85573814803207,0.0,-0.0,-0.0,311.36494296341425,0.0
0.0,126.64962216875283,0.0,-0.0,-0.0,50.5432838546451,0.0
30.260229101451188,247.9142133679908,0.0,0.0,-0.0,0.0,-0.0
0.0,231.07855576885532,0.0,-0.0,0.0,0.0,-0.0
0.0,185.82613476550839,0.0,0.0,-0.0,359.3245900235752,0.0
17.840204369536902,308.6417614241605,0.0,-0.0,0.0,0.0,0.0
0.0,375.3460345644213,0.0,0.0,0.0,0.0,0.0
0.0,339.6226370513185,0.0,-0.0,-0.0,0.0,-0.0
37.230468757759866,340.20109306488695,0.0,0.0,0.0,0.0,0.0
0.0,205.94657989305483,0.0,-0.0,-0.0,431.74105539933015,0.0
0.0,305.4795376887262,0.0,-0.0,-0.0,25.8099907601985,-0.0
0.0,205.53727747611316,0.0,-0.0,0.0,191.06143154256594,0.0
38.70922962301083,342.54764829458287,0.0,0.0,0.0,0.0,-0.0
1.6422419659319871,336.2280870771993,0.0,0.0,-0.0,0.0,0.0
0.0,201.14266205210956,0.0,0.0,-0.0,120.03529879644144,-0.0
37.995857547311914,336.82357390536725,0.0,0.0,0.0,0.0,-0.0
21.40995678731079,293.79548386100123,0.0,-0.0,0.0,302.67035585746413,-0.0
58.58097787209576,427.9392087857323,0.0,0.0,-0.0,0.0,-0.0
25.504415263458014,301.4260243800837,0.0,-0.0,-0.0,78.57043872422616,-0.0
0.0,189.024492948927,0.0,0.0,-0.0,220.45154479673897,0.0
0.0,113.55194482662424,0.0,0.0,0.0,152.88916691818937,0.0
0.0,90.26479152589874,0.0,0.0,0.0,32.049958566618955,0.0
0.0,148.10700716021455,0.0,-0.0,0.0,0.0,0.0
39.28884443451621,286.1975633879192,0.0,-0.0,-0.0,0.0,0.0
0.0,145.6558171931046,0.0,0.0,-0.0,0.0,11.89932141988163
28.79633015444385,264.19224780748004,0.0,-0.0,0.0,0.0,0.0
0.0,135.180346227113,0.0,0.0,-0.0,64.04980281560199,-0.0
0.0,259.67164512316805,0.0,-0.0,0.0,0.0,-0.0
0.0,159.3076465941921,0.0,-0.0,-0.0,75.53430028243883,0.0
0.0,161.67729216595873,0.0,0.0,0.0,58.50412158438143,-0.0
0.0,253.52446215860584,0.0,-0.0,-0.0,18.454163017762422,0.0
38.93215839666675,390.9502889037044,0.0,-0.0,-0.0,0.0,0.0
0.9957485223297909,255.3801652975478,0.0,0.0,-0.0,242.55408015100045,-0.0
0.0,208.00225502376458,0.0,-0.0,-0.0,0.0,0.0
0.0,158.9629708746624,0.0,0.0,-0.0,67.70838688558301,0.0
0.0,292.08190451370905,0.0,0.0,0.0,0.0,0.0
7.609302140788999,239.2138459847171,0.0,-0.0,-0.0,103.47955442204943,-0.0
41.82280149507193,367.84585561617257,0.0,-0.0,0.0,0.0,-0.0
0.0,225.0329503557871,0.0,-0.0,-0.0,209.98248533685546,-0.0
33.62645358365566,352.57092604712005,0.0,0.0,0.0,0.0,0.0
0.0,211.07363122105914,0.0,-0.0,0.0,296.81073614672584,-0.0
0.0,253.99787979182753,0.0,-0.0,-0.0,112.76077758010676,-0.0
0.0,290.68254449978775,0.0,-0.0,-0.0,72.71081901348776,-0.0
0.0,286.6347248785571,0.0,-0.0,-0.0,41.77026597723125,0.0
0.0,384.2041379756885,0.0,-0.0,0.0,0.0,0.0
19.746053097219697,296.31034812400014,0.0,-0.0,0.0,0.0,0.0
0.0,166.45966777443337,0.0,0.0,-0.0,299.02954720745083,-0.0
0.0,230.75805159184014,0.0,-0.0,-0.0,0.0,-0.0
28.401410662981068,361.453492325552,0.0,0.0,0.0,0.0,0.0
0.0,215.70088926728306,0.0,-0.0,0.0,221.79997512945235,-0.0
0.0,319.7656051040883,0.0,-0.0,-0.0,291.5811640687271,-0.0
29.23475674263392,439.11909904083376,0.0,-0.0,-0.0,147.48124693548914,0.0
61.09264205528589,563.3611243809115,0.0,-0.0,-0.0,0.0,-0.0
18.883430685876988,419.8280955143694,0.0,0.0,-0.0,372.6905695990898,-0.0
41.61473463965976,546.8259785010852,0.0,0.0,0.0,0.0,0.0
0.0,404.40083210555304,0.0,0.0,0.0,253.93106463913176,-0.0
33.97570866238323,532.5896887486044,0.0,0.0,-0.0,76.78836472501932,0.0
9.950615611485624,660.4323321194653,0.0,-0.0,0.0,0.0,-0.0
0.0,550.0950606695033,0.0,0.0,0.0,149.88110607251298,-0.0
0.0,677.5222481137351,0.0,0.0,0.0,51.085625108300775,0.0
24.981603728161364,600.19823390917,0.0,-0.0,-0.0,123.08562510830073,-0.0
0.0,463.7556528570927,0.0,-0.0,0.0,290.652806614663,0.0
0.0,553.7612426543587,0.0,0.0,-0.0,250.60284804804397,-0.0
39.355723066613024,691.976435660052,0.0,-0.0,0.0,0.0,-0.0
35.5139172006092,715.302760737058,0.0,-0.0,0.0,0.0,0.0
0.0,584.2472582002678,0.0,-0.0,0.0,328.38403698731884,-0.0
43.68797223465993,615.2102424865814,0.0,0.0,0.0,0.0,0.0
20.011572915180466,506.2154496537809,0.0,-0.0,0.0,141.8811060725128,-0.0
0.0,395.86350079399307,0.0,0.0,0.0,280.43399555393785,0.0
0.0,304.37278132660225,0.0,-0.0,0.0,98.602848048044,0.0
0.0,414.09265760841674,0.0,0.0,-0.0,108.72174197553113,0.0
40.47779789401454,554.3989787781419,0.0,0.0,0.0,0.0,-0.0
2.400199796362159,418.56573308512026,0.0,0.0,-0.0,0.0,0.0
0.0,272.1106642012889,0.0,0.0,0.0,139.66229501178756,0.0
0.0,383.4735558158736,0.0,-0.0,-0.0,95.51498087419822,0.0
0.0,314.4763877055228,0.0,0.0,-0.0,217.5434010843005,-0.0
34.376980454963984,443.41306501650627,0.0,0.0,-0.0,75.66229501178769,-0.0
0.0,402.022261977454,0.0,0.0,0.0,359.32459002357524,0.0
36.49480380469532,534.905770591411,0.0,0.0,0.0,0.0,-0.0
37.572292877365584,536.8730712003846,0.0,0.0,0.0,0.0,-0.0
0.0,401.9815256077216,0.0,-0.0,0.0,249.49344251768142,-0.0
0.0,379.369939762638,0.0,0.0,-0.0,290.652806614663,0.0
36.576544355035765,512.4057822163588,0.0,-0.0,0.0,35.61233644516847,-0.0
3.796738388540807,553.7281398943285,0.0,0.0,-0.0,33.15936409698178,0.0
0.0,416.10843371680306,0.0,0.0,-0.0,185.25928123021964,-0.0
0.0,454.4958935672821,0.0,0.0,-0.0,255.0404701694945,0.0
36.190134480698816,586.8116124148464,0.0,-0.0,-0.0,0.0,-0.0
40.00221651021519,635.134172042043,0.0,-0.0,0.0,0.0,0.0
0.0,495.71415684912625,0.0,-0.0,-0.0,325.9310646391319,0.0
1.4875553815927276,627.3512976831969,0.0,0.0,-0.0,37.37754036496452,0.0
44.29124348075075,584.1590744240518,0.0,0.0,0.0,0.0,0.0
21.008684994730178,475.8982537282955,0.0,0.0,0.0,474.702765181282,-0.0
0.0,371.87508348415315,0.0,0.0,0.0,173.9310646391318,-0.0
18.217550135361098,313.28564776490697,0.0,0.0,-0.0,0.0,0.0
0.0,189.44522982057038,0.0,-0.0,-0.0,377.3092397968385,-0.0
38.89384201209522,329.30839800189136,0.0,-0.0,-0.0,0.0,0.0
0.41497212186216353,339.96150733180053,0.0,0.0,-0.0,0.0,-0.0
0.0,204.86946826952448,0.0,-0.0,0.0,189.9310646391318,-0.0
0.0,308.367264567271,0.0,0.0,0.0,256.149875699857,-0.0
30.735810485250425,430.518161743317,0.0,0.0,0.0,0.0,0.0
0.0,495.28083235500867,0.0,0.0,0.0,0.0,0.0
0.0,523.4851999323417,0.0,-0.0,-0.0,0.0,0.0
0.0,508.62351844586664,0.0,-0.0,-0.0,37.83114750589391,-0.0
27.865562686522875,576.4150917761523,0.0,0.0,0.0,169.23996560339353,-0.0
63.70644208849415,708.0799296719981,0.0,0.0,0.0,0.0,0.0
24.997212465483297,571.0695588535283,0.0,0.0,0.0,173.677587724844,0.0
0.0,434.61312927056355,0.0,-0.0,0.0,199.07111310928744,-0.0
0.0,567.6905173169473,0.0,-0.0,-0.0,29.83114750589362,0.0
0.2845774483059813,597.8895054248532,0.0,-0.0,0.0,110.94055303625633,-0.0
36.043716299936705,729.4020094809349,0.0,0.0,-0.0,0.0,-0.0
39.03619182437288,592.0315768593869,0.0,0.0,-0.0,0.0,0.0
0.0,454.4118706818615,0.0,0.0,0.0,251.7122535784064,0.0
0.0,585.6335555893033,0.0,-0.0,-0.0,70.11303472462271,0.0
32.53410259274165,493.90726098797705,0.0,0.0,-0.0,141.00362919426016,-0.0
0.0,368.4050193371252,0.0,-0.0,0.0,323.0443512458907,0.0
50.295458451217115,527.4345542669219,0.0,0.0,-0.0,0.0,0.0
27.778288754748534,420.6001322525913,0.0,-0.0,0.0,325.263162306616,-0.0
0.0,359.8144002032731,0.0,-0.0,-0.0,0.0,0.0
0.0,273.03660824446865,0.0,-0.0,-0.0,41.15936409698145,0.0
8.619912581362541,252.2037793010652,0.0,-0.0,0.0,235.69004788948666,0.0
44.92894240801124,384.7410746428315,0.0,0.0,-0.0,0.0,-0.0
0.0,236.1394834714179,0.0,0.0,-0.0,235.69004788948666,-0.0
14.110520955738208,347.73780011109227,0.0,0.0,-0.0,88.02775287769902,0.0
0.0,358.3192784765306,0.0,-0.0,0.0,250.60284804804417,-0.0
34.03515633535818,486.618923366683,0.0,-0.0,-0.0,0.0,-0.0
0.0,543.4098762701167,0.0,0.0,0.0,0.0,-0.0
7.572147345179701,429.55202439426284,0.0,0.0,-0.0,252.82165910876918,0.0
41.00539599166689,556.7299382825177,0.0,-0.0,0.0,0.0,0.0
0.0,415.44037141977094,0.0,-0.0,0.0,252.82165910876918,-0.0
0.0,536.0910048758461,0.0,-0.0,0.0,210.55288948142493,0.0
35.03833581680985,666.2602014358283,0.0,0.0,0.0,0.0,-0.0
6.873637187724398,677.0239033406988,0.0,0.0,0.0,0.0,-0.0
41.094567501129234,666.7339515777584,0.0,0.0,0.0,0.0,0.0
0.0,525.2782023443604,0.0,-0.0,-0.0,474.70276518128196,0.0
0.0,565.0647404876298,0.0,0.0,0.0,183.04047016949448,0.0
0.0,427.84354940721533,0.0,0.0,0.0,332.92157624200723,0.0
0.0,516.9635991097163,0.0,0.0,0.0,268.26150910282774,-0.0
27.61617121128731,649.2931664881684,0.0,-0.0,0.0,238.4303615969339,0.0
70.85828589863536,794.7511411480904,0.0,0.0,-0.0,0.0,-0.0
47.055560274084264,685.5209232902004,0.0,-0.0,0.0,17.658661054783806,-0.0
26.61162817261581,582.5502413935175,0.0,0.0,-0.0,267.1521035724651,0.0
0.0,468.0852788601043,0.0,-0.0,-0.0,86.43036159693389,-0.0
0.0,391.3600546152459,0.0,0.0,-0.0,161.75857818802166,0.0
40.64127899469554,531.9710434644986,0.0,0.0,-0.0,0.0,-0.0
2.0137899220252393,395.11300648579277,0.0,-0.0,0.0,156.2115505362087,0.0
0.0,248.11784489734396,0.0,0.0,-0.0,206.75449940124142,-0.0
0.0,357.3896083478969,0.0,0.0,0.0,165.5951353042597,0.0
27.057485719927683,472.68548273456776,0.0,0.0,-0.0,468.5856469071352,-0.0
57.63724606361899,594.5455607619735,0.0,-0.0,-0.0,0.0,0.0
15.05648673811686,621.3416089473106,0.0,0.0,-0.0,44.721741975531245,0.0
0.0,703.3948779635112,0.0,0.0,-0.0,0.0,0.0
0.0,717.764148566357,0.0,0.0,-0.0,0.0,0.0
36.85892080166667,680.638140950511,0.0,-0.0,-0.0,0.0,0.0
0.0,547.0760543230602,0.0,0.0,-0.0,253.9310646391318,-0.0
0.0,503.15234003229835,0.0,-0.0,-0.0,402.7027651812821,0.0
37.512845204390715,637.9330973778601,0.0,-0.0,0.0,37.831147505893796,0.0
0.022292877365572394,534.8998911975362,0.0,0.0,-0.0,361.54340108430046,0.0
38.122183852383614,670.7746824832208,0.0,0.0,-0.0,0.0,0.0
36.36104654050172,664.0424591042015,0.0,0.0,-0.0,0.0,0.0
0.0,531.4082240462219,0.0,0.0,-0.0,364.8716176753882,-0.0
17.526596297925835,667.9200477527369,0.0,0.0,0.0,0.0,0.0
0.0,541.457542649171,0.0,-0.0,0.0,139.6622950117876,-0.0
0.0,480.7884820279106,0.0,-0.0,-0.0,179.71225357840657,-0.0
0.0,504.05550702634383,0.0,-0.0,-0.0,111.04047016949441,0.0
0.0,521.4807627940436,0.0,0.0,0.0,41.15936409698178,-0.0
0.0,513.0153968165134,0.0,0.0,0.0,0.0,0.0
0.0,476.47792063678673,0.0,-0.0,-0.0,0.0,0.0
0.0,383.742561353643,0.0,0.0,-0.0,75.42813372432578,-0.0
0.0,313.629861505092,0.0,0.0,-0.0,258.3686867605822,-0.0
34.90457855261633,443.54978450909687,0.0,-0.0,-0.0,0.0,-0.0
0.0,384.82149471917074,0.0,0.0,-0.0,142.99051160287542,0.0
0.0,445.308761187394,0.0,-0.0,-0.0,142.99051160287536,0.0
33.52242015594959,572.6528574463002,0.0,-0.0,-0.0,0.0,0.0
1.9122732776077913,622.7741110503038,0.0,0.0,0.0,0.0,-0.0
3.693186683566552,484.06037093265587,0.0,-0.0,0.0,364.8716176753883,0.0
38.97674415139795,614.6865690119296,0.0,-0.0,-0.0,0.0,0.0
0.0,477.17765108150525,0.0,0.0,-0.0,363.7622121450255,-0.0
0.0,470.1324198052564,0.0,-0.0,-0.0,289.5434010843004,-0.0
36.26444407191747,602.586623961697,0.0,0.0,0.0,42.26876962734411,0.0
1.78343018924744,598.081844383794,0.0,0.0,0.0,291.7622121450255,-0.0
38.19649344360215,730.813019157987,0.0,-0.0,0.0,0.0,0.0
0.0,594.7581969707634,0.0,0.0,0.0,290.652806614663,0.0
0.0,486.9979596771447,0.0,-0.0,0.0,219.76221214502553,-0.0
0.0,622.1664758875602,0.0,-0.0,-0.0,83.3650965893855,-0.0
0.0,545.7613424129869,0.0,-0.0,-0.0,160.57149050649636,-0.0
0.0,409.235670175584,0.0,-0.0,-0.0,303.56066364703804,0.0
0.0,527.5347557229144,0.0,-0.0,-0.0,152.57015204416248,0.0
0.0,580.5006708521046,0.0,-0.0,0.0,12.907857032374979,-0.0
0.0,515.5323394196154,0.0,0.0,0.0,0.0,0.0
32.53410259274165,397.5775471025202,0.0,0.0,0.0,0.0,0.0
0.0,272.0753054516684,0.0,-0.0,0.0,369.30923979683854,0.0
0.0,384.7603086476186,0.0,-0.0,0.0,0.0,-0.0
0.0,398.168066719419,0.0,-0.0,-0.0,0.0,-0.0
0.0,435.29313389033996,0.0,0.0,-0.0,0.0,0.0
0.0,475.82501232846175,0.0,-0.0,-0.0,30.940553036256347,-0.0
0.0,495.1093847832904,0.0,0.0,-0.0,69.88110607251286,-0.0
0.0,537.0707137938939,0.0,0.0,0.0,67.66229501178759,0.0
0.0,496.0488032326174,0.0,-0.0,0.0,144.099917133238,-0.0
0.0,559.8295934649764,0.0,0.0,0.0,436.8716176753882,0.0
35.03090485768803,689.9849414940708,0.0,-0.0,0.0,0.0,0.0
0.5350290567742775,570.1377504077127,0.0,-0.0,-0.0,211.66229501178756,-0.0
37.19331396215054,703.3259267011978,0.0,0.0,0.0,0.0,0.0
0.0,569.1406561838037,0.0,0.0,0.0,322.602848048044,0.0
19.704640538070407,645.353370139455,0.0,0.0,-0.0,28.721741975531245,0.0
0.0,510.78034075720774,0.0,-0.0,-0.0,181.93106463913188,0.0
0.0,529.8556958267777,0.0,-0.0,-0.0,364.8716176753883,-0.0
36.97781614761644,663.6393589484305,0.0,-0.0,0.0,0.0,-0.0
0.0,662.4739014962538,0.0,-0.0,0.0,43.37817515770678,-0.0
0.0,711.1938129375462,0.0,0.0,0.0,0.0,0.0
0.0,744.5094481169614,0.0,0.0,0.0,0.0,0.0
21.168286210206283,642.4924518865427,0.0,0.0,0.0,5.547027651812982,0.0
0.0,532.4313221753948,0.0,0.0,-0.0,41.15936409698145,0.0
0.0,484.9723104171774,0.0,0.0,0.0,7.904740610217572,0.0
34.16148264042988,434.46465561407916,0.0,0.0,-0.0,0.0,0.0
0.0,305.929585698837,0.0,-0.0,0.0,117.73588811611147,-0.0
0.0,353.13284021675975,0.0,-0.0,-0.0,265.398183127899,0.0
36.2272892763082,485.51780171876214,0.0,-0.0,-0.0,0.0,-0.0
14.081926595283043,351.3957201300238,0.0,0.0,-0.0,154.45763009164264,0.0
42.261487142612246,468.78272268072624,0.0,0.0,-0.0,10.357712958404703,0.0
0.0,317.2036973684729,0.0,0.0,-0.0,268.7263997189868,0.0
0.0,441.51496536298873,0.0,0.0,0.0,297.5434010843005,0.0
34.250654149892256,570.2162176488825,0.0,-0.0,-0.0,45.83114750589379,0.0
0.0,549.7738520214045,0.0,0.0,-0.0,110.94055303625633,-0.0
20.51647261584667,682.5327238573727,0.0,-0.0,0.0,0.0,0.0
0.0,676.9532833597615,0.0,-0.0,-0.0,0.0,-0.0
9.428090769336565,646.0684572967589,0.0,0.0,0.0,35.61233644516847,-0.0
0.0,507.25777746289754,0.0,0.0,-0.0,294.21518449321263,0.0
32.605350794096736,639.8781639899896,0.0,0.0,0.0,42.502930914805916,0.0
34.592478269498,775.30980228727,0.0,0.0,0.0,0.0,0.0
0.0,647.8704696059463,0.0,-0.0,-0.0,43.61233644516847,-0.0
0.0,657.3491111990018,0.0,-0.0,0.0,0.0,0.0
0.0,548.3664955306407,0.0,0.0,0.0,69.8811060725128,0.0
0.0,545.8922522738428,0.0,0.0,0.0,34.26876962734434,-0.0
0.0,537.6942184466798,0.0,0.0,-0.0,0.0,-0.0
0.0,462.9099104764789,0.0,0.0,0.0,0.0,-0.0
0.0,373.54266245208845,0.0,0.0,0.0,0.0,-0.0
6.147186455615028,288.2843616365678,0.0,-0.0,-0.0,0.0,-0.0
0.0,168.3769264643173,0.0,-0.0,-0.0,362.65280661466306,-0.0
0.0,198.26793589844783,0.0,0.0,-0.0,0.0,-0.0
0.0,222.36132545513587,0.0,-0.0,-0.0,0.0,-0.0
17.574903321613252,280.35676202422064,0.0,-0.0,-0.0,0.0,0.0
0.0,143.38793679841393,0.0,0.0,0.0,124.87542654283368,0.0
0.0,155.6239248417184,0.0,0.0,-0.0,49.547209951745785,-0.0
0.0,161.828087793253,0.0,0.0,0.0,90.7065740487274,0.0
0.0,281.5463029865842,0.0,0.0,-0.0,0.0,0.0
0.0,236.90104831796364,0.0,0.0,0.0,0.0,-0.0
0.0,203.1953968396213,0.0,-0.0,-0.0,38.940553036256404,-0.0
0.0,250.57589320394342,0.0,0.0,0.0,0.0,0.0
0.0,268.1502055769407,0.0,0.0,-0.0,0.0,-0.0
0.0,188.56199828927546,0.0,-0.0,-0.0,142.99051160287533,-0.0
0.0,310.0704763138987,0.0,-0.0,0.0,0.0,0.0
0.0,300.64476141130285,0.0,0.0,0.0,28.721741975531128,-0.0
0.0,344.0028608038591,0.0,0.0,-0.0,0.0,0.0
0.0,217.2562519401231,0.0,-0.0,0.0,179.71225357840677,-0.0
0.0,343.6417574880938,0.0,0.0,0.0,33.15936409698178,-0.0
0.0,398.00781463091147,0.0,-0.0,-0.0,0.0,0.0
0.0,442.8205419092258,0.0,0.0,-0.0,0.0,-0.0
0.0,425.3040870400349,0.0,-0.0,-0.0,0.0,-0.0
0.0,344.96483246980034,0.0,-0.0,0.0,32.04995856661889,-0.0
28.900363582149993,300.16580887145665,0.0,0.0,0.0,0.0,0.0
0.0,181.43549882465442,0.0,-0.0,-0.0,323.6132403223179,0.0
0.0,157.60996044567284,0.0,-0.0,-0.0,30.841539780167636,0.0
0.0,138.34705440029208,0.0,-0.0,0.0,66.45387622533622,0.0
0.0,135.2234306920542,0.0,0.0,-0.0,137.34447069497367,0.0
7.65888865842489,267.5806951322813,0.0,0.0,0.0,0.0,-0.0
28.916902457255233,319.8282491305815,0.0,0.0,-0.0,0.0,-0.0
0.0,171.78059919467304,0.0,0.0,0.0,213.78209281642404,0.0
31.590370784264824,295.5240774227961,0.0,-0.0,0.0,0.0,0.0
0.9660246858423989,202.87834437008914,0.0,-0.0,0.0,421.36950031370446,-0.0
37.104142452688194,335.09712350144,0.0,-0.0,0.0,0.0,-0.0
0.0,201.07803535469768,0.0,0.0,-0.0,311.53835280781067,-0.0
37.02240190234764,329.75311163626003,0.0,-0.0,0.0,0.0,0.0
0.0,195.88635732928154,0.0,-0.0,0.0,306.8969228318091,-0.0
0.0,300.8416316324857,0.0,0.0,-0.0,0.0,0.0
0.4384265881899978,197.92985751840757,0.0,0.0,-0.0,179.61233644516864,-0.0
37.31964026722221,331.5334897385211,0.0,0.0,-0.0,0.0,0.0
0.0,197.11279419603753,0.0,-0.0,-0.0,181.83114750589388,-0.0
0.0,288.98297708292523,0.0,0.0,-0.0,0.0,0.0
0.0,285.991604764117,0.0,0.0,-0.0,0.0,0.0
0.0,289.0898118085971,0.0,-0.0,0.0,0.0,-0.0
0.0,191.19015065068945,0.0,0.0,0.0,118.15148355466208,0.0
0.0,323.74129452334347,0.0,-0.0,-0.0,0.0,0.0
32.98739109917534,359.6429238260628,0.0,-0.0,0.0,0.0,0.0
0.0,233.29592179106584,0.0,0.0,-0.0,41.15936409698178,0.0
0.0,166.0503653574919,0.0,0.0,-0.0,185.25928123021964,-0.0
0.0,158.23053497066178,0.0,0.0,0.0,144.09991713323814,-0.0
16.074626248287306,296.07181764238914,0.0,0.0,-0.0,0.0,-0.0
0.0,219.7496347066832,0.0,0.0,0.0,0.0,0.0
0.0,309.84949728873454,0.0,-0.0,0.0,0.0,-0.0
0.0,167.81682842008144,0.0,-0.0,0.0,140.77170054215026,0.0
25.09460582082292,283.6527955113696,0.0,-0.0,0.0,0.0,-0.0
0.0,364.9845624482633,0.0,-0.0,-0.0,0.0,0.0
0.0,359.2733447657967,0.0,-0.0,-0.0,15.818421208531502,0.0
0.0,228.71671961448564,0.0,-0.0,0.0,157.6995272810444,0.0
28.432596460093784,362.4172915508126,0.0,-0.0,-0.0,0.0,-0.0
0.0,245.0037833355377,0.0,-0.0,-0.0,147.66229501178782,0.0
0.0,323.8780377099106,0.0,0.0,-0.0,72.09991713323814,-0.0
0.0,237.41778834171302,0.0,0.0,0.0,255.0404701694945,0.0
37.04469477971324,371.32608824135446,0.0,-0.0,-0.0,0.0,-0.0
0.0,298.2110338210985,0.0,-0.0,0.0,294.9905116028756,0.0
37.98842658819004,433.87809714346855,0.0,0.0,0.0,0.0,-0.0
0.9140079719893492,299.9144031202766,0.0,0.0,0.0,182.94055303625652,-0.0
0.0,396.56554583434314,0.0,0.0,-0.0,0.0,-0.0
0.0,358.84123305412083,0.0,0.0,0.0,37.831147505893966,-0.0
0.0,370.83542151380817,0.0,-0.0,-0.0,35.61233644516864,-0.0
32.31860477820757,372.35426645418386,0.0,-0.0,-0.0,5.781188939275011,0.0
0.0,247.25363219907322,0.0,0.0,0.0,259.7122535784067,-0.0
0.0,309.0679055092079,0.0,-0.0,-0.0,0.0,0.0
0.0,293.111994981655,0.0,-0.0,-0.0,0.0,0.0
0.0,166.30887214713917,0.0,0.0,0.0,65.35727461291049,0.0
0.0,302.19885549891944,0.0,0.0,-0.0,0.0,-0.0
0.0,241.09387260537252,0.0,0.0,-0.0,0.0,0.0
0.0,222.89535110850534,0.0,0.0,-0.0,6.901187952289433,0.0
0.0,185.7399658356261,0.0,0.0,0.0,259.7228470610586,0.0
0.0,298.1414972667829,0.0,-0.0,-0.0,114.5135243974579,0.0
29.69547620818949,418.3536001185612,0.0,0.0,-0.0,0.0,0.0
43.888608130950246,454.0395333556427,0.0,-0.0,-0.0,0.0,0.0
0.0,307.3767365084969,0.0,0.0,-0.0,224.87086008825273,-0.0
0.0,308.2215462063229,0.0,0.0,0.0,251.3737910030588,0.0
0.0,413.4308057949619,0.0,0.0,0.0,182.70200759414655,0.0
0.0,543.97391268891,0.0,-0.0,-0.0,68.7717005421503,0.0
1.789699363489241,603.8024273885361,0.0,0.0,0.0,27.612336445168637,0.0
37.214445054636066,611.2673839136131,0.0,-0.0,0.0,0.0,0.0
0.0,475.5033808750298,0.0,-0.0,0.0,362.65280661466306,0.0
37.416242735806435,611.2258383209503,0.0,0.0,-0.0,0.0,-0.0
0.0,481.629801017566,0.0,-0.0,0.0,250.6028480480439,-0.0
36.91836847464151,615.3026758921178,0.0,0.0,-0.0,0.0,0.0
0.0,619.941076253532,0.0,-0.0,-0.0,35.378175157706664,0.0
36.76974929220424,512.0960075609909,0.0,0.0,0.0,110.94055303625622,0.0
0.0,378.7001033041915,0.0,0.0,0.0,363.76221214502544,-0.0
40.17574899398612,527.6458620921178,0.0,0.0,-0.0,0.0,0.0
22.197638454228414,424.25972426880617,0.0,-0.0,0.0,0.0,-0.0
0.0,318.02078908264343,0.0,0.0,0.0,36.48758068806933,0.0
0.0,271.19499525858436,0.0,-0.0,-0.0,0.0,0.0
0.0,234.39043226467834,0.0,-0.0,0.0,0.0,-0.0
0.0,218.2049713254134,0.0,0.0,-0.0,0.0,-0.0
0.0,162.96982611419526,0.0,-0.0,0.0,418.35750269504587,0.0
32.1253998410391,287.7103985662276,0.0,-0.0,-0.0,0.0,0.0
12.171911041613669,340.0572236389674,0.0,-0.0,0.0,0.0,-0.0
42.09774698258093,411.5411685233785,0.0,0.0,0.0,0.0,-0.0
0.0,268.2158676201508,0.0,0.0,0.0,425.8803875647688,0.0
0.0,327.35638385260086,0.0,-0.0,-0.0,134.21809255298126,-0.0
0.0,418.7755857464724,0.0,0.0,0.0,59.99928149225598,-0.0
0.0,491.3279475051553,0.0,-0.0,0.0,0.0,-0.0
0.0,461.1301408192136,0.0,0.0,0.0,36.607890226244805,-0.0
0.0,325.94777607791053,0.0,-0.0,-0.0,362.65280661466306,-0.0
37.61687863209676,460.9224128558992,0.0,0.0,0.0,0.0,-0.0
39.23682772066317,504.44365723481116,0.0,0.0,0.0,0.0,-0.0
0.0,366.4500407233199,0.0,-0.0,0.0,216.3340784206998,-0.0
0.0,356.88889943317537,0.0,-0.0,-0.0,177.4934425176814,-0.0
30.066478467936008,487.9582505008533,0.0,-0.0,0.0,30.940553036256457,0.0
6.999963492796127,563.7061851864441,0.0,0.0,0.0,0.0,-0.0
40.67100283118302,557.9190092483747,0.0,-0.0,0.0,0.0,-0.0
0.0,417.25262627557123,0.0,-0.0,0.0,362.652806614663,-0.0
18.994895072704935,377.2663913929287,0.0,-0.0,0.0,184.91466532943454,-0.0
0.0,276.9961730193331,0.0,-0.0,0.0,213.63640730496576,0.0
0.0,302.42222360582497,0.0,-0.0,0.0,31.805259799071944,-0.0
0.0,183.2626091015063,0.0,-0.0,0.0,243.11933336261404,-0.0
35.77400076987445,327.1280027093514,0.0,-0.0,0.0,0.0,-0.0
0.0,275.0982849330647,0.0,0.0,-0.0,0.0,-0.0
0.0,167.3644415381988,0.0,0.0,0.0,92.94697952740448,0.0
0.0,292.20195370644456,0.0,-0.0,0.0,162.72816846667925,0.0
24.909938533708896,403.4956026665911,0.0,-0.0,0.0,24.17527898525418,0.0
50.91965901745368,516.8388341981065,0.0,-0.0,-0.0,0.0,0.0
5.752925917542797,367.79409003828886,0.0,-0.0,0.0,355.88753256366084,-0.0
0.0,364.6878344072105,0.0,-0.0,-0.0,177.4934425176813,-0.0
0.0,380.3544900691873,0.0,-0.0,-0.0,471.3745485901941,-0.0
38.16676960711473,516.3539181328604,0.0,-0.0,-0.0,0.0,0.0
1.1443677047670917,549.5836872738619,0.0,-0.0,0.0,0.0,0.0
0.0,504.30509013927843,0.0,0.0,-0.0,43.37817515770666,0.0
