BCE,BST1,BSTA,BST5,KWEA,KWEAD,KWEP,KWEPARKING,THEWING,THELEVEL
29.67,9,7.5,0,72,1.73,0,0.23,13.33,6.35
28.71,8,7.5,0,72,1.33,0,0.23,12.97,6.05
27.58,9,7.5,0,70,1.53,0,0.23,14.33,6.15
25.97,9,7.5,0,71,1.83,0,0.23,15.18,6.25
27.34,9,7.5,0,71,2.84,0,0.23,13.78,6.35
27.02,8,7.5,0,73,2.54,0,0.23,16.04,6.35
28.31,9,7.5,0,71,2.94,0,0.23,15.89,6.15
28.23,9,7.5,0,71,3.74,0,0.23,11.72,8.36
27.26,9,7.5,0,67,3.54,0,0.23,14.78,9.57
28.71,9,5,0,66,5.75,0,0.23,14.18,7.16
27.34,9,7.5,0,66,5.45,0,0.23,12.87,6.46
27.74,9,7.5,0,66,7.66,0,0.23,14.33,6.15
26.78,9,7.5,0,69,8.36,0,0.23,15.34,5.55
26.94,8,7.5,0,65,9.97,0,0.23,15.18,5.65
28.71,9,7.5,0,68,11.78,0,0.23,15.89,5.65
28.39,9,7.5,0,67,12.49,0,0.23,20.66,5.55
27.82,9,7.5,0,70,13.89,0,0.23,16.89,5.25
26.86,8,5,1,66,15.9,0,0.23,17.45,5.05
28.15,9,7.5,2,66,16.71,0,0.23,14.88,5.95
28.63,9,7.5,10,70,19.52,0,0.23,20.71,6.35
32.33,9,7.5,19,70,19.22,1,0.23,17.65,6.35
28.95,9,7.5,25,69,21.43,11,0.23,14.18,5.45
31.68,9,7.5,28,69,20.73,20,0.23,16.99,5.55
27.74,9,7.5,31,74,23.24,25,0.23,14.98,5.75
29.19,9,7.5,35,72,21.13,23,0.23,13.78,5.85
29.99,9,7.5,34,72,23.14,23,0.23,16.69,5.75
27.58,8,7.5,37,72,21.33,26,0.23,16.49,5.45
27.26,9,7.5,37,73,23.64,28,0.23,13.48,5.55
31.12,9,7.5,40,74,22.03,28,0.23,13.78,5.65
31.6,9,7.5,40,70,23.64,29,0.23,13.33,5.55
26.14,9,7.5,42,75,22.84,25,0.23,16.09,5.65
27.5,8,10,43,72,23.34,23,0.23,14.83,5.85
25.41,9,7.5,42,73,23.94,26,0.23,13.38,7.96
23,9,7.5,42,71,22.84,29,0.23,13.02,8.87
23.56,9,7.5,41,70,23.94,30,0.23,14.68,7.76
24.21,8,7.5,42,74,22.54,29,0.23,15.23,7.36
26.62,9,7.5,42,71,24.04,30,0.23,14.58,5.95
21.87,9,10,42,71,22.64,30,0.23,13.22,6.15
20.67,9,7.5,42,72,24.34,30,0.23,12.67,5.95
22.76,8,10,42,70,21.83,30,0.23,13.93,8.97
21.63,9,7.5,42,73,23.44,30,0.23,11.77,15.1
20.27,9,7.5,43,70,23.24,31,0.23,13.12,15.2
20.11,9,10,42,74,22.84,31,0.23,11.47,15.2
20.99,8,7.5,42,71,23.84,24,0.23,11.32,15.1
20.59,9,7.5,41,70,22.84,22,0.23,11.82,15.1
20.75,8,10,42,71,23.44,30,0.23,13.02,14.7
19.94,10,7.5,42,71,22.33,36,0.23,11.72,14.7
20.35,8,10,42,72,24.04,36,0.23,10.61,14.9
20.67,8,10,42,69,22.43,31,0.23,9.61,14.9
20.35,9,7.5,41,71,24.55,29,0.23,11.27,14.7
20.11,9,10,43,73,22.43,30,0.23,10.36,14.8
20.43,8,7.5,42,72,24.04,29,0.23,9.81,14.6
23,9,10,41,72,22.64,31,0.23,9.51,14.9
20.99,9,7.5,43,74,23.64,29,0.23,8.75,14.9
20.99,9,10,41,69,22.23,29,0.23,10.01,15
20.27,8,7.5,41,73,23.44,29,0.23,9.86,15
20.11,9,10,43,70,22.64,23,0.23,9.51,15
20.99,9,7.5,42,73,23.14,23,0.23,8.8,14.9
20.59,8,10,42,71,23.34,24,0.23,8.7,14.8
20.19,9,10,42,70,22.64,29,0.23,8.4,15.4
20.59,9,7.5,43,72,23.84,31,0.23,10.01,15.7
21.87,8,10,40,73,22.74,30,0.23,9.46,15.9
20.59,9,10,41,72,24.04,30,0.23,9,15.5
21.23,8,7.5,41,73,22.84,29,0.23,9.05,15.4
20.03,9,10,40,70,23.44,28,0.23,8.8,13.79
21.63,9,7.5,39,73,22.13,27,0.23,8.65,13.59
22.36,10,10,40,70,21.83,26,0.23,8.5,13.49
20.27,9,7.5,38,70,22.33,25,0.23,8.3,13.59
20.83,9,10,37,69,20.12,22,0.23,8.15,14.6
23.32,9,7.5,34,71,21.13,22,0.23,8.6,13.89
22.76,9,7.5,34,71,18.92,18,0.23,9.26,14.19
21.47,10,10,29,69,19.12,10,0.23,10.41,13.59
22.36,9,7.5,30,75,16.81,4,0.23,12.02,16.2
21.47,10,7.5,21,72,14.19,1,0.23,10.31,20.32
21.15,10,7.5,15,74,12.18,0,0.23,9.46,22.54
22.76,9,7.5,8,71,10.07,0,0.23,10.01,21.53
22.36,10,10,4,71,8.77,0,0.23,11.11,21.43
21.71,9,5,0,72,5.95,0,0.23,10.71,21.93
21.71,10,7.5,0,73,6.56,0,0.23,10.86,21.83
21.63,10,10,0,71,3.84,0,0.23,12.67,26.56
20.59,9,7.5,0,75,4.34,0,0.23,14.38,25.65
20.99,10,7.5,0,76,3.04,0,0.23,13.43,26.05
21.55,10,7.5,0,74,2.74,0,0.23,14.23,27.46
20.91,9,7.5,3,72,1.83,0,0.23,12.12,28.26
21.39,10,7.5,0,75,2.13,0,0.23,12.67,27.86
23.88,9,7.5,1,75,1.53,0,0.23,14.98,28.46
23.4,10,7.5,1,75,2.23,0,0.23,12.92,29.17
25.17,10,7.5,1,71,1.03,0,0.23,13.58,30.88
43.02,10,7.5,0,73,0.73,0,0.23,15.84,28.67
39.88,9,7.5,0,73,1.13,0,0.23,15.08,31.18
30.56,9,7.5,0,70,0.43,0,0.23,19.76,29.47
28.39,10,7.5,0,70,0.83,0,0.23,19.1,30.98
26.22,9,7.5,0,71,0.43,0,0.23,14.93,27.96
27.18,10,7.5,0,75,0.63,0,0.23,14.38,28.06
26.94,10,7.5,0,73,0.43,0,0.23,14.03,29.87
22.52,10,7.5,0,70,1.03,0,0.23,16.94,30.17
20.75,9,7.5,0,72,1.03,0,0.23,15.79,31.48
21.39,10,7.5,0,71,1.43,0,0.23,18.35,32.08
21.07,10,7.5,0,72,1.43,0,0.23,17.95,30.98
20.91,9,7.5,0,70,1.83,0,0.23,15.99,28.77
20.91,10,7.5,0,73,1.63,0,0.23,15.29,32.28
22.2,9,5,0,73,3.44,0,0.23,15.29,31.58
20.59,11,10,0,70,2.44,0,0.23,14.98,32.08
21.23,9,7.5,0,72,3.44,0,0.23,14.48,32.99
21.63,10,5,0,71,3.84,0,0.23,13.63,31.38
20.99,9,10,0,71,7.36,0,0.23,16.84,30.27
21.31,11,7.5,0,71,7.56,0,0.23,23.38,31.28
22.92,9,5,0,73,8.87,0,0.23,16.44,28.16
22.6,9,7.5,0,75,9.87,0,0.23,13.68,23.64
23.32,10,7.5,0,75,11.88,0,0.23,15.59,22.03
22.28,10,10,0,73,12.38,0,0.23,14.28,20.53
22.6,9,7.5,3,76,15.8,0,0.23,20.31,20.53
25.01,9,7.5,3,73,15.4,0,0.23,19.2,19.72
22.36,11,7.5,6,74,16.91,0,0.23,17.4,18.92
22.04,9,7.5,3,75,15.8,0,0.23,15.03,18.52
28.15,10,7.5,10,74,18.62,2,0.23,21.52,17.81
34.74,10,7.5,16,74,18.21,1,0.23,20.01,23.14
35.22,10,7.5,21,74,19.92,12,0.23,17.19,23.14
34.34,9,7.5,26,71,21.03,19,0.23,15.44,23.04
34.66,10,7.5,31,75,21.93,22,0.23,14.23,23.44
37.79,9,7.5,34,72,22.74,23,0.23,14.58,26.35
38.36,10,7.5,39,75,21.33,25,0.23,13.33,24.24
34.5,10,7.5,40,72,23.14,26,0.23,17.9,25.65
34.66,9,7.5,41,75,21.83,28,0.23,19.46,24.44
34.5,9,7.5,42,73,23.44,29,0.23,16.64,23.34
34.98,9,7.5,45,72,22.94,28,0.23,18.3,23.64
33.85,9,10,43,73,23.74,22,0.23,19.2,23.24
34.18,9,7.5,44,75,23.14,23,0.23,16.94,21.13
34.9,9,10,43,73,26.05,30,0.23,15.08,24.04
34.42,8,7.5,41,70,23.64,30,0.23,18.2,20.32
33.05,9,10,43,71,23.24,30,0.23,20.16,13.79
20.35,9,7.5,42,71,23.44,29,0.23,17.24,12.89
20.67,9,10,41,72,22.23,29,0.23,13.63,15.3
20.75,9,7.5,42,72,24.04,29,0.23,15.29,15.2
20.43,9,10,42,70,22.33,30,0.23,14.03,14.9
20.35,9,10,42,72,24.75,29,0.23,13.93,15.1
20.51,9,7.5,42,69,22.23,29,0.23,13.63,15.1
20.99,9,12.5,41,72,23.64,29,0.23,11.77,15.1
22.28,9,7.5,44,71,22.43,30,0.23,12.87,15
23,9,10,41,74,23.54,26,0.23,11.97,14.9
21.07,8,10,42,70,23.44,21,0.23,11.32,15
20.91,9,7.5,42,73,22.43,29,0.23,12.67,15.4
20.19,9,10,41,70,23.54,34,0.23,12.82,15.3
19.94,8,7.5,42,74,22.64,35,0.23,11.87,14.9
20.83,9,10,40,69,23.84,31,0.23,11.11,14.9
20.51,9,10,40,71,23.24,30,0.23,10.21,14.7
20.51,9,7.5,41,73,22.94,28,0.23,9.86,15
20.83,8,10,41,73,23.54,30,0.23,10.31,15
20.19,9,10,44,73,22.84,30,0.23,10.46,15
20.11,9,10,42,69,23.94,31,0.23,11.01,15.1
20.99,9,7.5,41,73,22.33,30,0.23,11.52,14.9
20.19,8,10,40,73,24.44,30,0.23,12.47,15
20.43,9,10,40,69,22.03,27,0.23,10.31,15.1
20.91,9,10,41,70,23.94,23,0.23,10.11,15.1
20.35,8,7.5,39,70,23.24,25,0.23,10.01,14.9
19.94,9,10,41,71,23.44,31,0.23,9.61,14.9
21.15,9,10,39,77,24.14,30,0.23,9.56,15
21.15,9,10,42,79,22.13,29,0.23,9.96,14.9
20.99,8,10,40,80,24.04,29,0.23,8.85,14.7
23.72,9,7.5,41,79,22.64,34,0.23,8.3,12.18
24.05,9,10,39,79,23.64,84,0.23,8.55,10.07
21.39,10,10,40,81,24.85,79,0.23,9.15,12.79
21.31,9,12.5,40,80,24.34,74,0.23,9,10.78
36.91,8,10,43,84,25.25,69,0.23,8.1,13.09
39.16,9,25,40,93,22.64,69,0.23,9.41,15.4
37.55,10,17.5,40,115,25.75,74,0.23,8.95,19.12
43.66,11,15,52,113,22.43,74,0.23,9.31,17.81
35.14,23,17.5,59,131,24.44,71,0.23,11.77,20.32
41.57,27,20,63,151,25.75,62,0.23,10.76,26.86
41.89,33,15,61,163,24.95,55,0.23,10.81,29.67
46.4,42,20,56,203,27.06,61,0.23,10.21,33.09
58.13,57,17.5,30,210,25.65,64,0.23,10.01,32.38
56.77,47,20,37,215,27.26,58,0.23,9.31,36.1
59.5,47,27.5,35,220,28.67,50,0.23,9,35.3
78.15,57,22.5,47,219,27.06,35,0.23,11.92,32.69
71.72,49,25,48,212,26.45,37,0.23,11.62,37.91
70.92,59,15,30,201,29.37,20,0.23,11.37,36.81
72.37,44,10,40,224,27.86,15,0.23,12.87,38.51
72.61,42,17.5,36,234,30.37,8,0.23,10.86,40.73
74.7,44,12.5,27,228,28.77,6,0.23,11.21,38.11
78.07,43,15,34,230,29.27,10,0.23,16.54,37.41
73.89,37,12.5,16,232,31.78,4,0.23,11.82,36
68.99,34,15,8,223,31.88,1,0.23,11.52,37.61
89.89,43,17.5,3,212,34.8,2,0.23,11.82,39.22
69.39,38,12.5,3,201,30.37,1,0.23,17.19,40.52
66.34,40,10,2,203,32.89,1,0.23,21.62,39.42
75.34,51,10,2,199,29.97,1,0.23,16.94,38.01
61.91,40,12.5,2,186,24.14,0,0.23,15.18,39.32
67.14,34,20,1,214,20.83,1,0.23,13.22,37.31
80.65,34,15,2,231,20.73,0,0.23,12.47,37.01
67.94,34,20,0,237,18.92,0,0.23,15.18,38.21
85.39,35,15,0,228,22.43,0,0.23,15.34,37.21
67.38,43,17.5,3,233,31.58,1,0.23,14.58,38.31
69.63,34,10,5,235,33.59,0,0.23,12.47,37.31
66.58,35,17.5,0,226,28.06,0,0.23,12.37,37.71
59.74,31,15,4,202,37.21,0,0.23,12.32,37.81
59.18,30,10,8,217,32.69,0,0.23,15.18,40.63
54.03,28,15,1,231,34.39,0,0.23,14.68,39.92
51.54,25,10,12,229,37.31,0,0.23,14.93,38.62
47.36,26,15,14,226,33.79,0,0.23,17.09,37.41
50.09,24,10,9,217,34.49,0,0.23,15.74,39.22
47.44,21,12.5,2,204,31.88,2,0.23,14.18,38.01
43.34,21,12.5,3,136,31.58,5,0.23,16.59,36.61
39.88,20,15,3,125,30.17,11,0.23,18.2,36.5
40.61,19,12.5,6,123,32.38,11,0.23,15.54,28.97
38.2,18,10,15,118,32.79,31,0.23,18.3,27.06
36.35,14,7.5,17,117,28.06,24,0.23,19.86,26.45
37.87,12,7.5,17,110,27.26,26,0.23,15.03,25.95
34.42,13,10,28,108,26.05,33,0.23,17.5,20.02
33.05,13,7.5,30,110,27.46,37,0.23,18.95,19.62
31.44,12,5,33,100,27.46,38,0.23,22.27,19.32
30.88,14,10,26,98,26.66,39,0.23,22.87,19.22
31.92,12,5,29,101,28.77,47,0.23,23.02,22.54
30.24,11,7.5,33,99,27.56,57,0.23,23.68,20.73
29.11,11,7.5,36,91,28.87,20,0.23,21.62,21.23
28.31,11,7.5,40,86,28.46,27,0.23,22.82,23.54
29.27,11,7.5,46,90,28.57,23,0.23,18.4,23.04
27.66,11,7.5,48,87,29.47,18,0.23,17.7,22.13
27.66,11,7.5,49,87,30.47,22,0.23,16.94,23.74
28.07,12,7.5,51,89,32.48,31,0.23,15.34,23.94
27.98,10,10,53,89,31.88,33,0.23,18.25,21.13
25.25,10,5,57,89,34.39,33,0.23,17.9,22.43
24.21,10,7.5,55,77,33.79,34,0.23,15.69,21.93
25.09,11,10,53,83,36.2,33,0.23,16.04,23.24
23.08,10,7.5,51,78,33.39,33,0.23,16.14,21.23
25.41,10,7.5,53,77,35.7,31,0.23,17.14,16.91
22.76,10,10,50,75,34.6,32,0.23,15.79,14.7
22.28,11,7.5,54,75,34.6,32,0.23,17.24,12.49
20.99,10,7.5,50,77,33.89,32,0.23,16.79,15.1
21.87,11,10,52,76,34.09,31,0.23,18.95,15
21.87,10,7.5,45,74,33.89,24,0.23,18.35,15
20.91,10,10,44,77,32.99,25,0.23,17.3,14.8
21.87,10,7.5,42,74,0.43,29,0.23,16.69,14.7
20.51,11,10,41,76,0.43,31,0.23,15.59,14.7
21.95,10,7.5,43,75,0.43,33,0.23,14.43,14.7
21.47,10,10,41,73,0.43,33,0.23,14.13,14.9
21.07,11,7.5,43,78,0.43,33,0.23,14.23,14.8
21.55,9,7.5,42,74,0.43,37,0.23,13.12,15
21.63,11,10,43,75,0.43,38,0.23,12.02,14.8
20.03,10,10,42,75,0.43,36,0.23,13.78,15.8
24.61,11,7.5,43,75,0.43,37,0.23,12.92,16.2
23.56,10,7.5,42,75,0.43,31,0.23,12.62,16.1
21.39,10,10,42,75,0.43,31,0.23,11.62,15.2
23.64,10,7.5,43,76,0.43,24,0.23,10.76,14.9
21.95,10,10,41,76,0.43,23,0.23,10.66,15
21.47,10,7.5,42,71,0.43,31,0.23,13.88,14.9
20.35,10,7.5,42,74,0.43,31,0.23,12.57,14.8
21.15,11,10,42,73,0.43,33,0.23,11.52,14.8
21.23,10,7.5,42,76,0.43,32,0.23,10.06,14.9
21.15,10,10,42,72,0.43,31,0.23,9.15,14.9
20.83,10,7.5,42,73,0.43,32,0.23,8.85,14.8
20.91,10,10,43,77,0.43,32,0.23,9.1,14.5
21.47,10,7.5,41,81,0.43,37,0.23,8.7,14.39
21.39,11,7.5,43,81,0.43,39,0.23,7.8,14.9
21.15,9,10,42,84,0.43,41,0.23,8.65,14.6
21.87,10,7.5,43,82,0.43,39,0.23,8.6,12.79
20.83,11,10,39,83,0.43,76,0.23,8.1,8.97
22.2,11,7.5,40,82,0.43,70,0.23,7.85,12.18
21.31,10,10,41,87,0.43,72,0.23,8.85,7.96
32.81,11,10,39,87,0.43,69,0.23,8.85,6.76
37.79,10,15,40,102,0.43,68,0.23,11.52,12.18
40.85,15,12.5,43,130,0.43,74,0.23,12.87,12.49
47.92,14,12.5,55,136,0.43,73,0.23,13.78,10.88
34.34,24,12.5,45,134,0.43,68,0.23,13.68,17.91
38.52,24,10,51,151,0.43,67,0.23,14.88,22.13
39.72,28,12.5,47,163,0.43,60,0.23,14.73,32.38
41.41,34,12.5,48,207,0.43,65,0.23,13.63,33.39
51.38,28,15,45,235,0.43,63,0.23,11.32,31.28
45.59,27,15,40,247,0.43,57,0.23,10.46,33.39
45.99,27,15,34,257,0.43,54,0.23,9.91,34.49
49.21,29,15,29,272,0.43,46,0.23,11.06,34.09
55.96,41,15,25,270,0.43,38,0.23,11.57,34.49
55.32,31,10,19,250,0.43,40,0.23,12.57,33.49
64.16,32,12.5,13,249,0.43,33,0.23,11.06,36.5
57.89,31,12.5,11,270,0.43,27,0.23,10.16,34.09
63.92,28,12.5,6,275,0.43,25,0.23,10.91,35.8
60.06,26,15,3,273,0.43,25,0.23,10.96,34.7
54.52,25,15,1,279,0.43,19,0.23,12.67,35.5
60.06,25,12.5,0,261,0.43,12,0.23,13.07,37.01
65.45,26,12.5,0,231,0.43,5,0.23,13.78,38.01
62.88,25,10,1,188,0.43,0,0.23,11.62,38.41
57.33,25,17.5,0,175,0.43,0,0.23,10.96,35.9
58.7,39,17.5,0,173,0.43,0,0.23,13.63,36.1
58.13,26,12.5,0,170,0.43,0,0.23,11.27,34.6
60.06,21,17.5,0,164,0.43,0,0.23,10.06,35.6
61.75,22,12.5,0,167,0.43,0,0.23,14.23,37.91
64.73,25,15,0,158,0.43,0,0.23,12.77,37.81
63.44,21,10,0,171,0.43,0,0.23,14.33,36.91
62.15,24,12.5,0,174,0.43,1,0.23,16.89,36.4
61.27,22,10,0,177,0.43,2,0.23,12.62,36.81
60.79,18,12.5,0,182,0.43,0,0.23,11.67,37.51
60.87,21,10,0,199,0.43,0,0.23,11.77,36.1
57.73,17,10,0,167,0.43,5,0.23,12.12,37.81
53.71,16,10,0,158,0.43,1,0.23,12.07,36.61
51.06,16,10,0,154,0.43,2,0.23,12.02,38.82
48.89,16,10,0,153,0.43,1,0.23,16.59,39.12
45.75,16,10,0,161,0.43,0,0.23,21.62,37.81
43.18,13,17.5,0,147,0.43,1,0.23,18.9,39.22
40.77,12,10,0,149,0.43,4,0.23,17.9,38.72
39.8,12,10,0,140,0.43,4,0.23,17.45,36.1
40.13,11,10,0,143,0.43,1,0.23,17.45,29.17
38.76,12,7.5,0,141,0.43,3,0.23,17.5,28.57
38.6,11,7.5,0,111,0.43,10,0.23,17.85,26.15
38.12,12,7.5,0,100,0.43,11,0.23,17.14,23.84
35.78,10,7.5,1,95,0.43,18,0.23,17.14,20.93
35.54,13,7.5,7,87,0.43,28,0.23,15.13,20.02
34.5,11,7.5,9,84,0.43,37,0.23,17.3,21.53
34.18,12,7.5,16,83,0.43,33,0.23,14.98,19.72
35.14,11,7.5,21,80,0.43,35,0.23,15.64,19.32
31.84,11,7.5,23,82,0.43,51,0.23,21.47,17.31
29.35,11,7.5,31,82,0.43,19,0.23,17.85,18.92
30.4,12,5,36,81,0.43,24,0.23,19.31,16.91
31.44,11,7.5,37,81,0.43,29,0.23,20.66,17.61
29.11,11,7.5,41,84,0.43,29,0.23,16.04,17.41
29.67,11,7.5,46,82,0.43,31,0.23,16.84,17.51
26.14,11,7.5,46,81,0.43,32,0.23,20.41,15.4
26.62,11,7.5,45,80,0.43,32,0.23,17.09,15.5
25.49,10,7.5,48,81,0.43,33,0.23,19.15,16.2
25.01,10,5,47,83,0.43,33,0.23,18.4,13.99
24.29,10,7.5,47,80,0.43,36,0.23,20.96,18.01
23.16,11,7.5,45,80,0.43,35,0.23,19.41,12.89
21.95,10,7.5,45,83,0.43,34,0.23,17.14,10.37
21.39,11,10,43,81,0.43,33,0.23,18.15,10.37
21.15,10,7.5,41,79,0.43,26,0.23,18.5,11.48
21.31,10,7.5,43,79,0.43,25,0.23,17.75,15.1
20.35,11,7.5,42,80,0.43,30,0.23,16.59,14.9
20.83,10,10,44,81,0.43,32,0.23,15.29,15.1
21.71,11,7.5,41,78,0.43,32,0.23,15.39,15
21.15,10,7.5,43,80,33.69,33,0.23,14.88,15.7
20.75,10,10,41,82,34.29,33,0.23,16.14,15.9
21.07,10,7.5,43,78,32.89,32,0.23,14.93,15.6
21.39,11,7.5,41,79,34.8,33,0.23,13.07,15.5
20.43,10,10,41,76,32.79,31,0.23,13.68,15.6
20.83,10,7.5,41,78,34.29,37,0.23,12.87,15.4
21.23,11,10,43,78,32.89,37,0.23,11.77,15.4
23.48,10,7.5,41,76,34.7,35,0.23,11.32,15.3
23.56,10,10,43,79,33.09,28,0.23,10.21,15.7
23.48,10,7.5,41,80,34.29,30,0.23,10.11,15.6
21.23,11,10,42,80,32.79,36,0.23,10.41,15.4
20.83,10,7.5,42,76,34.19,34,0.23,8.7,15.6
20.51,10,10,42,79,32.38,32,0.23,9.61,15.5
21.15,10,10,42,77,34.6,30,0.23,8.5,15.6
20.59,10,7.5,42,77,31.88,32,0.23,8.35,15.6
20.83,10,10,41,78,34.49,31,0.23,8.9,15.9
20.99,11,10,42,79,32.38,32,0.23,7.3,15.8
20.75,10,7.5,42,81,33.59,32,0.23,8.9,15.8
20.51,10,10,42,77,31.88,31,0.23,6.89,15.7
21.07,10,10,41,78,33.19,31,0.23,7.4,15.3
21.23,11,7.5,42,88,32.48,24,0.23,7.5,15.1
21.39,10,10,42,87,33.19,23,0.23,7.75,15.6
20.99,10,10,43,87,31.48,29,0.23,9.05,15.5
20.19,10,7.5,43,88,33.29,35,0.23,7.7,14.5
21.07,11,12.5,40,91,32.18,76,0.23,8.9,10.07
20.19,10,7.5,42,94,34.9,77,0.23,7.55,12.99
21.55,11,12.5,44,91,33.29,76,0.23,9.1,9.77
38.92,11,12.5,44,96,33.79,75,0.23,8.9,9.07
37.87,10,15,43,112,34.19,73,0.23,9.41,13.89
35.78,11,17.5,50,119,33.49,77,0.23,9.46,13.19
38.76,29,12.5,62,121,31.08,85,0.23,9.61,14.39
38.2,33,20,63,145,31.98,92,0.23,9.56,18.31
39.56,35,15,58,178,35,100,0.23,10.56,24.85
40.61,37,17.5,59,186,34.8,96,0.23,10.26,25.65
60.95,38,15,59,216,38.01,103,0.23,9.2,35.7
76.79,40,15,55,240,39.32,107,0.23,9.56,36.3
97.29,37,15,40,248,42.94,106,0.23,9.56,37.51
94.96,41,12.5,37,260,43.54,105,0.23,10.21,40.73
87.32,37,17.5,45,263,43.34,96,0.23,10.41,42.53
98.01,38,15,28,260,39.82,80,0.23,9.56,43.74
82.17,38,20,32,244,41.23,79,0.23,12.37,40.02
90.62,35,20,17,244,33.89,57,0.23,13.63,39.12
86.44,36,17.5,15,245,28.36,37,0.23,12.27,37.91
80.33,37,17.5,11,257,30.68,45,0.23,16.04,38.51
77.75,32,12.5,6,267,29.17,42,0.23,15.18,37.81
73.89,28,15,3,283,30.78,37,0.23,12.47,38.11
90.94,28,12.5,1,276,33.19,29,0.23,12.22,39.32
88.04,32,17.5,1,261,30.37,33,0.23,11.72,40.32
82.25,34,10,1,233,27.16,26,0.23,12.37,38.41
80.08,32,12.5,0,232,24.55,14,0.23,14.53,38.21
73.01,33,10,5,231,25.15,14,0.23,16.44,39.12
78.23,30,12.5,0,222,22.13,9,0.23,18.85,37.81
87.4,26,12.5,1,253,29.07,5,0.23,20.71,38.41
76.87,25,12.5,0,268,20.63,6,0.23,18.3,39.52
75.9,29,15,0,252,23.34,5,0.23,15.08,40.52
102.11,25,17.5,0,249,25.45,9,0.23,15.08,42.84
83.86,27,12.5,0,249,28.97,12,0.23,14.33,43.94
88.28,25,17.5,0,250,35.5,13,0.23,17.24,41.23
78.64,24,17.5,0,247,30.68,15,0.23,12.47,40.12
74.13,27,17.5,0,220,28.26,14,0.23,12.97,40.32
72.61,25,15,0,226,31.98,10,0.23,12.82,41.63
70.68,26,17.5,0,229,34.09,12,0.23,12.47,40.83
65.69,27,12.5,0,231,32.38,14,0.23,12.52,39.82
59.02,24,12.5,0,225,33.49,14,0.23,17.7,38.92
56.45,22,12.5,1,223,33.49,13,0.23,17.35,37.51
55,21,15,0,222,35.1,13,0.23,13.93,38.31
49.77,19,12.5,0,189,36.81,6,0.23,14.18,38.01
46.48,18,10,0,173,37.51,7,0.23,15.03,38.21
38.28,16,10,0,152,28.77,7,0.23,16.24,31.78
37.23,14,10,1,148,24.55,8,0.23,13.17,31.08
35.62,15,7.5,9,139,23.04,12,0.23,18.25,29.27
38.36,14,10,26,137,20.02,23,0.23,17.7,26.56
37.87,14,7.5,37,131,21.83,22,0.23,13.33,23.64
35.7,13,10,30,135,21.43,25,0.23,14.58,21.03
34.82,12,7.5,28,124,23.04,36,0.23,16.74,21.53
33.53,13,7.5,35,127,24.65,41,0.23,16.19,21.93
30.24,11,10,39,132,26.05,45,0.23,16.89,23.04
28.87,12,7.5,41,131,26.15,55,0.23,17.45,24.34
27.42,12,10,45,140,28.16,61,0.23,15.99,23.34
26.06,11,7.5,48,133,26.45,66,0.23,19.46,25.15
25.65,12,7.5,48,134,28.26,70,0.23,16.44,25.25
25.65,12,10,49,129,27.06,74,0.23,17.14,23.44
23.8,11,7.5,50,126,29.17,76,0.23,14.78,23.84
24.77,12,7.5,51,116,27.66,76,0.23,15.49,24.55
26.14,11,10,49,116,27.96,74,0.23,16.29,24.04
23.64,11,7.5,50,115,28.16,71,0.23,16.64,23.24
24.13,11,7.5,49,111,29.47,71,0.23,18.5,21.03
25.33,10,7.5,47,107,28.67,71,0.23,15.69,24.95
22.68,12,7.5,44,94,29.07,70,0.23,17.09,16.81
22.36,12,10,43,97,27.66,27,0.23,19.46,17.91
21.79,12,7.5,42,89,29.17,22,0.23,17.55,14.8
23.4,11,10,42,81,28.26,27,0.23,16.59,12.89
21.87,12,10,42,82,28.16,30,0.23,16.79,15
22.76,11,7.5,42,80,28.16,32,0.23,17.8,15
26.22,12,10,43,81,27.56,31,0.23,15.29,14.9
23.88,12,7.5,42,80,28.97,31,0.23,15.34,14.8
20.67,11,7.5,40,79,23.24,43,0.23,13.78,6.46
21.07,12,7.5,42,87,25.15,43,0.23,13.17,6.56
21.23,11,7.5,42,82,23.14,43,0.23,12.72,6.86
20.75,12,7.5,42,79,24.85,42,0.23,12.42,6.35
21.39,11,7.5,40,78,23.54,41,0.23,11.42,6.56
21.39,12,7.5,41,91,24.65,34,0.23,11.62,6.25
21.47,12,7.5,42,80,24.24,34,0.23,11.82,6.86
20.59,11,10,41,76,23.24,43,0.23,13.33,6.46
20.91,12,7.5,41,78,25.35,41,0.23,13.07,6.35
21.15,11,7.5,43,77,22.94,44,0.23,14.38,6.66
21.23,12,7.5,41,87,24.95,42,0.23,10.66,6.56
20.75,11,10,41,76,23.04,43,0.23,10.76,6.66
21.31,12,7.5,42,77,25.05,41,0.23,9.81,6.56
21.31,11,7.5,40,78,23.74,42,0.23,9.71,6.76
20.99,11,10,41,77,24.44,42,0.23,10.11,6.76
21.07,12,7.5,41,85,23.54,42,0.23,10.11,6.46
21.31,11,10,41,77,24.34,42,0.23,9.41,7.76
23.8,11,7.5,41,79,24.65,34,0.23,10.21,7.66
24.29,12,7.5,41,77,24.14,34,0.23,10.86,7.76
23.88,12,10,40,79,24.75,40,0.23,9,6.05
22.84,11,10,41,79,24.14,45,0.23,8.15,6.15
21.23,12,7.5,41,89,24.24,45,0.23,7.75,6.15
21.23,12,10,41,78,23.64,41,0.23,7.85,6.56
20.75,11,7.5,41,78,24.55,42,0.23,7.7,5.85
21.71,12,7.5,40,82,24.04,40,0.23,7.6,5.95
21.15,11,10,38,78,23.24,40,0.23,7.7,5.95
20.91,13,7.5,39,78,23.44,38,0.23,7.25,6.25
21.15,11,10,37,86,23.04,36,0.23,6.94,5.85
21.63,11,7.5,34,79,22.74,34,0.23,6.99,5.95
20.91,13,7.5,33,78,21.33,24,0.23,9.2,5.75
21.47,27,7.5,29,75,20.32,20,0.23,7.25,5.95
21.23,30,7.5,25,76,19.12,16,0.23,7.14,5.65
21.15,30,7.5,21,75,17.71,16,0.23,7.14,6.56
21.23,31,7.5,16,84,13.99,8,0.23,7.8,7.06
20.75,35,10,8,74,13.29,2,0.23,8.05,14.19
21.63,40,7.5,4,71,9.87,0,0.23,8.45,15.2
22.6,37,5,2,76,9.37,0,0.23,9.05,13.09
27.5,35,7.5,0,72,7.26,0,0.23,9.2,12.28
27.66,36,7.5,0,77,6.46,0,0.23,7.35,14.6
23.88,44,7.5,0,73,4.55,0,0.23,8.65,12.18
26.94,39,7.5,0,73,4.34,0,0.23,9.15,15.9
25.97,39,7.5,0,71,3.34,0,0.23,8.8,13.49
24.21,39,5,0,69,2.84,0,0.23,10.86,14.29
22.12,37,7.5,0,81,2.74,0,0.23,9.76,12.08
22.28,42,7.5,0,72,1.63,0,0.23,10.61,14.7
22.44,36,7.5,0,71,1.63,0,0.23,10.46,15.8
21.55,35,7.5,0,69,1.43,0,0.23,12.77,14.6
20.83,38,5,0,82,1.23,0,0.23,13.33,17.11
22.04,40,7.5,0,73,0.93,0,0.23,13.68,14.7
20.83,31,7.5,0,74,0.63,0,0.23,15.79,16.1
22.76,40,7.5,0,77,1.33,0,0.23,14.28,15.7
21.87,36,5,0,80,1.03,0,0.23,13.38,17.11
21.95,38,7.5,0,74,0.73,0,0.23,11.92,17.11
20.35,39,5,0,71,1.03,0,0.23,15.44,18.01
22.36,35,7.5,0,85,1.33,0,0.23,14.18,16
23,34,7.5,0,73,1.43,0,0.23,12.27,17.91
21.39,32,5,0,73,1.33,0,0.23,12.42,18.41
22.12,32,7.5,0,82,1.73,0,0.23,14.68,18.31
21.15,29,7.5,0,73,1.53,0,0.23,15.69,17.81
21.07,27,5,0,78,2.33,0,0.23,15.03,18.92
20.75,27,7.5,0,89,2.54,0,0.23,16.29,18.11
21.95,24,5,0,78,2.94,0,0.23,15.74,16.51
20.83,23,7.5,0,87,2.94,0,0.23,13.68,19.92
24.37,21,7.5,0,81,4.24,0,0.23,11.32,19.32
23.16,16,5,0,85,4.04,0,0.23,12.17,17.41
21.71,14,7.5,0,86,5.95,0,0.23,17.35,16.81
22.2,13,5,0,80,6.15,0,0.23,14.83,16.1
20.35,14,7.5,0,89,7.46,0,0.23,12.97,16.2
23.88,12,7.5,0,82,8.47,0,0.23,13.68,16.4
24.37,13,5,0,85,10.98,0,0.23,12.97,16.51
22.6,12,5,0,85,11.58,0,0.23,16.94,17.51
21.39,12,7.5,0,81,12.79,0,0.23,14.13,18.21
21.95,11,7.5,0,91,14.39,0,0.23,11.32,16
22.28,12,5,0,79,16.4,0,0.23,12.42,18.31
24.13,11,7.5,2,91,16.4,0,0.23,14.23,15.8
34.58,12,5,6,83,19.32,4,0.23,16.64,14.8
35.22,11,7.5,10,86,19.42,12,0.23,16.14,14.29
35.7,12,7.5,16,91,21.93,17,0.23,19.46,15.3
34.74,11,5,22,84,20.53,16,0.23,19.41,12.79
36.59,11,7.5,25,95,22.84,21,0.23,17.24,14.39
36.59,11,7.5,29,85,21.73,30,0.23,19.96,15.2
38.36,10,5,32,87,23.24,37,0.23,18,15.3
35.06,11,7.5,35,96,22.23,37,0.23,20.31,15.6
35.86,11,7.5,37,85,23.54,40,0.23,15.94,15.1
37.15,10,5,38,91,22.64,41,0.23,15.03,17.31
36.11,10,7.5,40,92,23.54,41,0.23,14.73,13.99
35.38,11,7.5,40,87,22.74,43,0.23,14.48,15.6
34.74,10,5,41,95,23.34,42,0.23,15.64,11.78
34.74,10,7.5,41,87,23.84,44,0.23,16.94,15.9
35.14,10,7.5,42,85,22.94,42,0.23,17.19,10.98
24.13,10,7.5,41,93,24.34,41,0.23,19.56,11.58
21.15,10,7.5,40,80,22.33,34,0.23,16.24,10.68
20.67,9,7.5,41,78,24.44,35,0.23,14.78,10.68
21.79,10,7.5,41,77,22.33,42,0.23,14.93,10.78
21.95,10,10,40,87,24.24,43,0.23,15.84,13.59
21.15,10,7.5,41,78,22.94,42,0.23,15.49,15.8
21.63,11,7.5,42,75,23.44,42,0.23,14.73,15.8
21.07,9,7.5,41,80,23.84,44,0.23,13.22,15.6
20.67,10,10,41,88,22.33,41,0.23,12.82,15.5
21.15,10,7.5,41,79,24.55,43,0.23,12.47,15.6
20.99,10,7.5,42,77,22.33,43,0.23,12.07,15.6
20.99,11,10,42,78,24.24,41,0.23,12.52,15.8
22.04,9,7.5,40,78,22.23,43,0.23,12.17,15.3
23.72,10,7.5,42,83,24.34,34,0.23,10.01,15.3
21.23,10,10,41,81,23.04,35,0.23,9.46,15.9
20.35,11,7.5,40,78,24.14,40,0.23,9.46,15.5
21.31,9,7.5,41,78,22.33,42,0.23,9.46,16
20.51,10,10,41,79,23.44,43,0.23,10.41,15.5
21.15,10,10,42,87,24.04,42,0.23,10.66,15.5
20.35,10,7.5,41,80,22.43,42,0.23,11.42,15.3
21.47,10,10,40,78,23.54,41,0.23,9.1,15.7
21.63,10,7.5,41,76,23.04,42,0.23,8.7,15.7
23.48,10,10,40,81,23.64,42,0.23,8.6,15.6
24.53,10,10,42,79,22.94,42,0.23,8.75,15.5
22.6,10,10,42,86,24.04,41,0.23,8.9,15.5
22.28,10,7.5,40,77,22.84,42,0.23,8.6,15.7
22.04,10,10,42,90,24.04,37,0.23,9.26,16.3
22.68,10,10,41,87,22.94,36,0.23,8.75,16.3
20.91,10,7.5,42,86,23.54,39,0.23,7.95,16.1
20.99,10,10,40,87,23.24,44,0.23,8.85,15.7
21.63,10,10,42,96,22.64,116,0.23,7.8,18.31
21.87,10,7.5,38,88,24.24,103,0.23,7.95,19.72
21.31,10,12.5,39,91,24.24,99,0.23,7.75,18.82
38.03,10,10,41,87,30.37,99,0.23,8.2,16.71
32.73,10,10,38,96,30.58,92,0.23,9.26,17.71
32.81,11,25,41,103,39.52,90,0.23,9.1,19.52
32.73,9,20,55,115,33.89,89,0.23,9.2,15.6
38.92,10,22.5,58,133,28.87,91,0.23,9.1,20.02
49.69,11,22.5,48,147,27.86,91,0.23,9.66,23.34
52.19,10,15,42,154,25.15,92,0.23,9.91,27.66
59.18,10,17.5,38,181,28.97,85,0.23,10.96,32.89
64.89,10,15,32,212,29.47,79,0.23,12.82,38.21
69.07,10,17.5,31,235,28.87,72,0.23,10.21,37.31
66.58,10,17.5,32,230,28.87,66,0.23,9.86,40.52
63.36,10,15,23,233,29.07,60,0.23,9.81,41.43
67.7,10,15,20,220,26.76,60,0.23,11.27,37.81
79.92,10,25,14,217,28.46,53,0.23,12.27,37.71
70.52,11,17.5,14,228,27.36,55,0.23,11.27,38.92
69.95,10,12.5,10,252,31.58,52,0.23,10.86,41.73
97.61,10,15,8,262,27.56,52,0.23,10.96,41.13
77.51,10,17.5,6,254,27.26,53,0.23,13.12,39.12
72.45,10,15,1,256,30.68,44,0.23,11.62,38.41
70.19,10,15,0,269,34.09,42,0.23,12.67,40.12
78.15,10,12.5,0,243,32.08,40,0.23,13.33,39.42
72.53,10,12.5,0,231,30.78,36,0.23,12.32,40.12
79.2,10,12.5,0,213,32.69,35,0.23,11.62,40.63
71,10,10,0,212,31.78,36,0.23,13.93,38.11
77.67,10,15,0,205,23.84,32,0.23,16.34,39.42
70.92,10,17.5,0,242,21.63,24,0.23,17.6,40.42
87.4,10,15,0,260,19.22,25,0.23,20.16,41.73
73.89,10,20,0,252,29.37,13,0.23,15.69,41.43
77.91,10,12.5,0,236,30.27,10,0.23,16.49,41.03
70.52,10,15,0,249,33.39,8,0.23,14.68,40.32
63.44,10,7.5,0,249,31.08,17,0.23,15.59,42.94
61.43,10,12.5,0,238,36.4,13,0.23,15.23,41.93
57.89,10,10,0,204,32.89,15,0.23,15.03,41.63
60.31,10,12.5,0,227,27.36,19,0.23,15.79,42.03
56.77,10,15,0,226,24.04,21,0.23,15.59,41.53
52.43,10,15,0,222,28.16,22,0.23,14.93,41.83
52.75,10,15,0,206,26.35,23,0.23,13.33,40.22
52.91,10,12.5,0,215,32.18,16,0.23,13.53,39.52
51.06,10,10,0,208,28.87,24,0.23,15.18,40.32
49.29,10,10,0,152,28.06,33,0.23,14.38,42.53
47.28,10,10,0,138,28.26,36,0.23,16.59,36.81
45.35,10,10,0,132,24.85,36,0.23,16.74,28.77
45.35,10,7.5,0,113,22.84,41,0.23,18.15,27.46
36.35,9,7.5,0,104,24.34,44,0.23,19.46,26.76
34.42,11,7.5,1,115,23.54,49,0.23,17.95,26.45
33.21,9,7.5,2,100,26.25,60,0.23,16.34,23.44
36.99,10,7.5,7,97,24.34,65,0.23,14.63,24.44
32.25,10,5,10,105,28.36,75,0.23,15.89,24.65
29.91,10,7.5,16,97,27.76,80,0.23,15.13,23.84
28.55,10,7.5,20,96,29.47,87,0.23,14.68,20.73
27.98,10,5,23,103,27.66,90,0.23,14.63,20.12
27.82,10,7.5,28,95,30.27,44,0.23,16.29,24.65
29.59,10,7.5,32,95,30.07,43,0.23,15.49,24.24
27.18,11,5,34,108,30.27,36,0.23,16.19,23.94
23.56,9,7.5,38,94,30.27,35,0.23,17.65,24.04
21.87,10,5,42,93,29.97,43,0.23,16.19,25.85
22.68,10,7.5,42,104,32.18,45,0.23,17.45,24.04
23.56,10,7.5,42,93,28.77,45,0.23,19.61,22.94
23,10,5,44,92,33.99,41,0.23,16.04,23.54
22.36,10,7.5,44,103,30.78,43,0.23,15.29,20.12
23.56,10,7.5,44,97,34.7,43,0.23,18.75,20.83
23.72,10,7.5,43,89,31.78,46,0.23,21.82,24.75
22.76,10,7.5,42,87,33.99,42,0.23,18.1,24.04
25.25,10,7.5,42,94,31.28,41,0.23,16.94,16
23.16,10,7.5,42,84,33.59,42,0.23,14.98,13.99
21.15,10,7.5,42,85,30.88,40,0.23,15.59,16.4
22.92,10,7.5,40,81,32.59,38,0.23,15.69,15.2
24.29,11,7.5,41,90,31.28,32,0.23,16.99,15.2
22.6,10,7.5,42,82,33.49,36,0.23,15.59,14.8
20.75,10,7.5,41,82,30.98,41,0.23,14.68,14.7
21.87,10,7.5,41,79,32.08,41,0.23,14.78,15.2
21.31,10,7.5,42,84,31.78,41,0.23,15.59,14.9
21.71,10,7.5,41,85,32.28,40,0.23,15.39,14.7
21.23,10,7.5,42,89,31.58,40,0.23,13.43,15
21.55,10,7.5,41,80,31.68,40,0.23,12.22,14.8
22.12,10,7.5,42,79,31.48,40,0.23,11.92,14.9
21.15,10,7.5,41,83,32.18,42,0.23,12.32,15.2
21.63,10,7.5,42,79,29.77,41,0.23,11.72,15.1
21.39,10,10,42,74,31.78,40,0.23,11.62,15.2
21.63,10,7.5,40,77,29.47,34,0.23,11.27,15.1
21.31,10,7.5,42,74,31.68,32,0.23,12.62,15.1
21.95,10,7.5,41,75,29.57,37,0.23,12.57,15.3
22.04,10,7.5,41,75,30.98,43,0.23,12.32,15
23.64,10,10,42,76,28.97,43,0.23,12.32,15.3
24.21,10,7.5,41,76,30.78,42,0.23,11.87,14.7
22.28,10,7.5,41,73,29.57,43,0.23,11.37,15.1
22.12,11,7.5,42,75,30.37,43,0.23,11.87,15.3
21.31,10,10,43,76,30.37,44,0.23,11.27,14.9
21.63,10,7.5,41,77,30.27,43,0.23,9.31,14.6
22.84,10,7.5,40,96,30.47,43,0.23,9.2,14.8
20.75,10,7.5,42,86,29.47,40,0.23,9.41,14.9
21.95,10,10,40,91,27.06,40,0.23,9,14.6
22.36,10,7.5,43,88,24.34,38,0.23,9.26,12.49
22.12,10,7.5,39,88,26.56,103,0.23,8.95,8.57
23.16,10,10,40,86,24.85,93,0.23,10.11,10.27
23.24,11,10,41,96,27.06,99,0.23,10.26,7.76
40.77,10,10,36,93,24.85,97,0.23,11.01,7.96
34.74,10,15,38,99,25.15,96,0.23,10.11,12.49
48.08,10,15,38,110,37.91,88,0.23,9.81,13.09
48.65,23,15,50,113,27.76,88,0.23,9.71,12.08
35.54,33,17.5,59,138,25.05,89,0.23,9.86,16.51
45.03,39,10,45,161,28.06,89,0.23,10.96,25.55
47.2,38,17.5,45,162,26.35,84,0.23,9.46,33.99
52.51,38,25,47,202,25.85,81,0.23,9.1,32.28
61.03,39,20,38,228,27.56,77,0.23,9.46,32.69
77.75,39,17.5,34,235,26.86,70,0.23,11.21,34.9
67.62,45,15,22,239,27.56,73,0.23,9.26,33.89
65.13,56,12.5,30,249,26.25,69,0.23,9.56,36.5
76.79,57,17.5,25,248,24.24,60,0.23,9,35.9
77.59,52,20,13,222,22.03,60,0.23,8.75,36.61
80.49,41,20,8,219,25.05,54,0.23,10.01,36.91
75.58,36,15,8,230,22.43,51,0.23,9.41,36.4
66.01,35,15,3,234,29.47,56,0.23,9.05,36.5
66.74,33,17.5,1,225,31.78,55,0.23,9.51,36.3
67.7,35,12.5,4,227,27.56,46,0.23,10.11,36.81
63.52,32,12.5,0,225,28.16,44,0.23,10.41,38.01
62.72,33,12.5,2,233,27.56,45,0.23,11.47,38.11
72.37,38,15,1,204,25.75,35,0.23,10.71,38.72
67.94,44,15,2,196,25.75,24,0.23,9.76,35.4
73.89,46,10,1,208,22.74,20,0.23,11.11,35.8
74.54,37,12.5,0,191,22.74,25,0.23,12.12,40.02
60.63,38,20,0,223,23.04,24,0.23,11.47,38.01
67.7,44,12.5,0,218,23.64,24,0.23,11.67,38.82
66.17,34,10,0,224,22.54,12,0.23,14.08,39.22
67.54,37,15,0,217,27.46,15,0.23,12.72,42.23
65.85,38,15,0,210,32.28,14,0.23,10.11,38.92
71.72,33,12.5,0,218,33.59,17,0.23,10.81,40.02
68.83,32,17.5,0,212,32.48,13,0.23,11.01,40.93
71.16,33,17.5,0,211,34.39,11,0.23,10.36,40.12
65.69,32,12.5,0,212,30.37,13,0.23,11.52,40.93
61.91,29,17.5,0,223,33.39,10,0.23,13.02,38.01
59.26,29,15,0,209,37.31,9,0.23,12.57,38.21
58.46,30,15,0,219,30.88,11,0.23,12.82,38.21
57.09,26,12.5,0,216,33.09,20,0.23,15.03,39.42
54.6,23,10,0,202,26.25,21,0.23,13.53,39.22
49.69,21,15,0,157,27.26,24,0.23,13.38,39.72
45.99,20,7.5,0,131,28.36,28,0.23,13.22,35.7
41.17,17,10,0,139,26.76,30,0.23,12.82,29.47
33.45,16,10,0,123,24.34,34,0.23,13.22,28.57
30.88,18,12.5,0,127,24.44,35,0.23,13.68,28.77
30.32,17,10,0,123,25.05,40,0.23,15.03,26.35
30.64,17,7.5,1,101,25.75,52,0.23,15.64,23.04
29.19,16,10,4,111,25.35,65,0.23,14.43,22.64
29.59,17,10,8,101,25.45,64,0.23,13.28,21.03
29.27,16,10,14,104,28.67,70,0.23,15.59,20.53
27.58,17,7.5,16,105,28.26,83,0.23,16.59,20.22
25.49,16,10,22,99,27.16,93,0.23,13.63,19.82
25.17,16,7.5,26,109,26.45,95,0.23,12.42,23.64
26.38,17,10,33,99,31.08,103,0.23,15.03,23.64
26.06,17,7.5,38,101,29.97,106,0.23,15.39,24.65
27.58,16,10,39,110,29.27,105,0.23,14.38,21.23
27.42,16,7.5,46,100,31.38,104,0.23,14.73,22.54
25.97,16,10,47,103,32.79,104,0.23,15.18,18.41
25.57,16,7.5,47,105,31.98,99,0.23,14.68,21.13
22.12,15,7.5,48,101,31.88,97,0.23,15.29,19.62
20.99,16,10,49,106,31.18,101,0.23,15.59,22.33
23.64,16,7.5,48,105,31.28,47,0.23,14.03,24.04
22.12,15,10,45,93,31.58,45,0.23,13.43,21.73
21.87,16,7.5,43,89,31.28,43,0.23,13.88,18.31
21.71,15,10,42,96,30.68,41,0.23,14.78,12.69
20.67,16,10,43,82,30.58,41,0.23,18.65,12.49
21.31,15,10,41,80,29.57,40,0.23,18,15.2
20.99,16,7.5,40,83,29.97,41,0.23,15.99,15
20.99,16,10,42,90,32.89,40,0.23,15.69,15.1
20.43,15,10,42,82,32.08,42,0.23,15.99,14.9
22.12,16,10,42,82,31.08,40,0.23,16.89,14.9
23.32,16,10,41,82,30.78,34,0.23,14.58,14.8
20.35,15,10,42,89,31.68,33,0.23,13.73,15.7
23.08,15,10,41,83,32.89,36,0.23,13.02,15.5
21.63,16,10,41,83,28.97,42,0.23,13.17,15.1
21.15,15,10,41,82,24.04,40,0.23,12.62,14.6
20.19,16,10,43,80,24.34,41,0.23,13.02,15
20.27,15,10,41,84,24.95,41,0.23,13.12,14.8
20.51,16,10,42,86,23.94,41,0.23,13.22,15
20.51,15,10,42,84,22.84,43,0.23,13.02,15
21.79,15,10,41,79,24.65,40,0.23,13.22,14.7
20.75,16,10,41,79,24.24,40,0.23,12.62,14.7
20.35,15,10,43,81,24.55,40,0.23,12.17,15.8
20.51,16,10,42,83,24.24,39,0.23,11.37,16.2
21.31,15,12.5,41,85,24.34,34,0.23,11.72,16.3
20.11,16,10,42,78,23.24,32,0.23,10.86,15.6
21.87,15,10,42,82,23.54,39,0.23,9.91,14.6
21.39,15,12.5,40,83,23.34,39,0.23,9.05,15
20.11,16,10,43,79,24.65,40,0.23,9.51,14.8
21.15,16,10,41,80,24.34,41,0.23,9.26,14.8
21.39,15,12.5,42,96,24.24,39,0.23,8.9,14.5
21.55,15,10,42,86,23.84,40,0.23,9.81,14.6
22.6,16,10,41,87,23.34,40,0.23,10.41,14.29
20.27,15,10,43,88,23.94,42,0.23,10.21,12.28
20.27,15,10,41,92,24.44,110,0.23,10.26,5.75
28.95,16,12.5,38,92,25.85,104,0.23,10.11,6.46
29.99,16,12.5,41,96,25.25,100,0.23,9.2,5.35
32,15,10,39,95,27.56,98,0.23,10.36,5.95
35.62,16,17.5,42,107,24.44,96,0.23,10.26,8.97
39.64,16,22.5,51,125,37.21,90,0.23,9.86,9.47
35.62,31,22.5,64,160,24.04,83,0.23,11.16,9.87
39,33,22.5,54,144,21.83,78,0.23,11.82,14.9
49.93,36,17.5,54,161,23.94,83,0.23,10.16,21.93
52.91,39,20,41,189,23.54,86,0.23,10.36,24.85
65.85,38,15,40,210,27.76,103,0.23,10.36,28.06
70.6,39,10,40,222,25.05,86,0.23,10.56,33.49
59.5,47,15,44,234,23.14,78,0.23,10.76,33.49
63.36,42,17.5,24,233,22.43,76,0.23,11.82,33.79
61.03,45,15,32,229,19.92,72,0.23,11.47,32.48
72.85,58,15,34,234,22.13,63,0.23,10.76,33.89
103.32,43,15,37,222,27.26,49,0.23,9.15,32.38
87.16,39,15,34,221,28.57,40,0.23,10.21,32.99
77.99,39,12.5,48,249,33.79,92,0.23,11.77,33.99
79.36,40,20,35,241,30.68,71,0.23,11.01,35.2
70.36,41,12.5,14,232,29.87,81,0.23,11.72,34.49
72.2,34,15,17,243,22.03,27,0.23,10.56,33.39
69.55,36,15,13,234,23.84,29,0.23,11.11,37.61
75.34,38,12.5,0,221,24.14,48,0.23,10.51,36.1
74.54,40,12.5,0,216,21.63,36,0.23,10.96,36.91
68.91,33,10,0,194,22.94,35,0.23,11.72,35.6
65.93,35,10,0,193,29.77,26,0.23,11.11,36.1
64.49,37,10,0,196,20.12,17,0.23,11.21,36.4
68.18,36,12.5,0,194,24.65,12,0.23,10.61,39.32
64.97,40,10,0,185,22.23,3,0.23,10.81,40.63
66.26,36,12.5,0,184,22.43,3,0.23,11.47,41.03
64.08,36,12.5,0,186,22.94,1,0.23,12.92,39.32
65.53,32,12.5,0,176,28.67,3,0.23,20.26,37.01
63.28,30,12.5,0,195,28.97,3,0.23,13.83,37.41
63.28,29,17.5,0,197,28.26,3,0.23,13.48,38.41
62.48,26,10,0,178,32.48,4,0.23,12.82,38.82
58.3,26,15,0,186,26.05,3,0.23,12.62,40.83
54.52,26,12.5,0,183,33.39,2,0.23,13.78,38.21
54.44,28,12.5,0,186,26.45,7,0.23,14.43,38.62
52.51,27,10,0,185,36.4,25,0.23,15.39,37.71
51.94,27,12.5,0,178,33.69,15,0.23,15.34,37.71
53.23,26,10,0,176,36.61,49,0.23,15.74,37.21
50.9,27,15,0,166,33.49,62,0.23,12.82,37.61
50.82,28,10,0,160,30.37,17,0.23,13.58,34.8
46.72,28,10,0,157,32.89,58,0.23,15.74,29.37
40.53,25,7.5,0,145,32.28,85,0.23,13.58,27.36
38.52,25,10,0,137,29.97,75,0.23,15.18,29.47
38.44,24,7.5,0,130,23.24,35,0.23,14.43,28.46
39.96,24,7.5,1,116,24.85,42,0.23,14.93,25.55
37.23,23,7.5,4,113,23.54,56,0.23,24.78,24.24
36.11,21,7.5,8,121,29.97,78,0.23,22.57,22.94
34.74,18,5,15,116,29.97,93,0.23,17.3,22.94
34.18,18,7.5,17,110,29.27,90,0.23,15.94,20.02
36.11,17,7.5,24,124,28.16,87,0.23,16.69,22.43
34.58,17,5,26,112,29.87,91,0.23,19.1,20.73
29.43,17,7.5,31,113,27.46,91,0.23,15.34,20.02
24.45,17,7.5,34,121,29.97,96,0.23,17.9,21.03
26.06,16,5,37,111,28.06,101,0.23,16.69,23.44
25.25,14,7.5,39,111,28.97,98,0.23,15.89,21.93
24.29,13,7.5,41,116,29.07,93,0.23,17.4,21.43
23.48,12,5,41,104,29.57,92,0.23,24.83,19.12
21.79,12,7.5,43,100,28.67,102,0.23,21.77,13.79
22.36,12,7.5,44,96,31.88,104,0.23,16.84,13.39
23.72,12,5,45,99,30.68,104,0.23,16.59,16
24.21,12,7.5,43,94,32.08,105,0.23,18.85,22.13
24.77,12,7.5,41,90,32.08,44,0.23,19.25,15.3
22.68,12,7.5,41,89,31.98,43,0.23,21.01,11.18
21.87,12,7.5,41,86,29.37,44,0.23,20.31,12.59
22.28,12,5,42,88,30.78,41,0.23,19.41,15.2
20.51,12,7.5,43,91,29.67,41,0.23,17.24,14.6
21.07,12,7.5,43,81,30.58,40,0.23,16.34,14.6
21.71,12,10,41,81,29.37,35,0.23,16.89,15
21.23,12,5,42,77,31.28,33,0.23,14.88,15.8
22.12,12,7.5,42,83,30.27,36,0.23,15.74,15.7
20.59,12,7.5,41,86,30.58,40,0.23,13.68,15.4
20.91,12,7.5,42,81,30.47,41,0.23,13.17,15.6
23.64,12,7.5,41,80,30.17,40,0.23,12.42,15.9
21.87,12,7.5,42,83,29.97,41,0.23,12.17,15.6
21.07,12,7.5,41,80,28.87,41,0.23,12.17,15.7
20.51,12,7.5,40,81,29.87,41,0.23,11.97,15.5
22.92,12,7.5,42,89,28.67,41,0.23,11.06,15.6
22.12,12,7.5,42,82,30.27,42,0.23,11.06,15.7
21.47,12,7.5,41,82,29.57,40,0.23,10.96,15.9
20.35,13,7.5,42,81,29.87,38,0.23,9.61,15.9
20.99,11,7.5,41,81,29.37,32,0.23,9.15,15.5
20.51,13,7.5,41,83,27.76,35,0.23,9.1,15.6
20.75,12,7.5,42,88,28.57,40,0.23,9.71,15.5
20.75,12,7.5,42,78,24.24,41,0.23,11.62,15.5
21.23,12,7.5,42,83,24.95,41,0.23,9.96,15.5
22.6,12,7.5,40,81,22.94,40,0.23,9.51,16
20.67,12,7.5,42,81,25.75,40,0.23,9.36,15.6
21.47,12,7.5,41,86,23.04,40,0.23,8.6,15.2
21.63,12,7.5,42,94,25.25,43,0.23,9,15.1
21.15,12,10,42,88,23.24,43,0.23,9.36,15.4
20.27,12,5,41,87,24.75,42,0.23,9.15,15
20.91,12,7.5,42,85,23.74,42,0.23,9.26,13.19
21.39,12,7.5,40,88,24.65,102,0.23,9.36,6.66
23.64,12,10,39,99,24.95,104,0.23,10.61,6.96
23.88,13,7.5,41,88,22.43,104,0.23,9.61,6.46
32.09,12,10,41,93,27.16,104,0.23,9.46,10.48
34.9,12,15,37,100,23.64,105,0.23,9,13.59
31.52,30,20,40,114,37.41,98,0.23,8.6,12.28
32.81,29,20,48,126,25.75,91,0.23,8.2,13.29
35.22,32,22.5,56,140,25.05,92,0.23,8.3,16.4
42.86,32,15,56,165,24.75,92,0.23,8.55,22.03
50.66,35,17.5,49,175,26.76,92,0.23,8.8,32.28
51.3,35,15,54,205,23.94,90,0.23,10.16,31.98
63.2,35,12.5,51,213,28.16,89,0.23,9.96,31.08
56.69,32,15,47,230,25.75,88,0.23,10.16,31.68
64.25,39,15,40,221,26.15,84,0.23,10.46,30.27
81.85,35,15,37,228,21.43,74,0.23,9.26,36.91
83.3,34,15,29,242,20.93,66,0.23,9.76,35.1
72.04,34,10,26,218,23.24,61,0.23,11.82,37.71
64.16,34,12.5,18,220,19.02,58,0.23,13.73,36.91
88.28,35,22.5,19,238,20.93,54,0.23,12.22,37.81
81.53,33,12.5,15,226,19.62,53,0.23,11.87,40.12
74.7,31,12.5,12,243,20.53,46,0.23,10.61,40.63
74.46,31,15,5,241,24.04,50,0.23,11.72,38.41
71.72,30,15,5,222,28.67,50,0.23,13.33,36.5
76.79,28,12.5,2,234,25.35,51,0.23,11.77,38.92
62.96,33,10,0,223,24.44,49,0.23,13.07,36.91
80.65,32,10,0,205,27.36,41,0.23,12.32,35.1
76.14,31,10,0,212,24.24,34,0.23,11.67,35.7
65.05,30,12.5,0,208,21.93,29,0.23,10.86,35.9
75.42,30,15,0,209,21.93,26,0.23,11.67,36.1
86.03,26,12.5,0,227,20.32,15,0.23,14.43,37.31
75.1,25,12.5,0,228,21.53,12,0.23,15.54,37.81
80.65,24,12.5,0,215,28.97,5,0.23,12.07,38.01
73.89,22,10,0,224,27.66,9,0.23,13.17,37.01
71.08,21,10,0,230,22.74,10,0.23,14.08,37.41
69.63,21,12.5,0,217,28.97,7,0.23,11.87,37.41
66.34,21,10,0,205,24.55,9,0.23,16.14,34.8
66.09,21,7.5,0,215,30.88,13,0.23,18.8,35
63.84,22,10,0,217,27.16,9,0.23,21.32,36.5
57.81,21,10,0,221,28.46,14,0.23,19.41,36.4
56.77,19,12.5,0,216,26.96,13,0.23,15.69,34.29
56.93,16,10,0,217,32.38,10,0.23,13.28,35.4
55.24,16,15,1,207,29.77,12,0.23,13.12,34.6
55,13,10,0,176,25.95,21,0.23,15.89,35.5
52.75,14,10,0,155,27.96,32,0.23,15.84,31.98
44.23,14,10,0,151,27.56,31,0.23,16.99,27.96
41.41,14,10,1,124,21.93,35,0.23,13.88,24.85
41.73,14,7.5,3,117,21.23,38,0.23,12.92,22.03
36.11,12,7.5,2,117,22.43,40,0.23,12.57,22.74
33.21,14,7.5,2,108,20.93,45,0.23,12.32,22.03
29.75,14,7.5,9,98,22.84,50,0.23,15.39,22.84
30.16,13,7.5,11,112,23.24,53,0.23,16.09,22.43
29.75,13,5,15,99,24.24,56,0.23,13.88,23.14
30.24,13,7.5,20,107,25.35,62,0.23,16.24,21.83
29.11,13,5,24,112,24.44,68,0.23,15.79,21.73
29.35,13,7.5,27,115,27.26,71,0.23,18.9,21.53
27.74,13,7.5,32,113,25.85,74,0.23,16.79,22.33
26.54,12,5,36,109,28.16,74,0.23,14.88,20.63
24.53,13,7.5,38,116,27.06,78,0.23,16.99,18.01
25.09,13,5,41,108,28.57,89,0.23,19.91,20.32
25.49,13,7.5,43,117,28.97,93,0.23,18.3,18.82
25.89,12,5,43,109,28.97,94,0.23,17.7,18.11
26.54,13,7.5,44,119,31.48,94,0.23,16.49,16.81
24.21,12,7.5,44,111,30.47,100,0.23,18.1,22.43
23.64,13,7.5,47,98,30.47,105,0.23,15.08,20.73
23.72,12,5,44,102,32.48,113,0.23,16.69,18.01
22.92,12,7.5,44,90,29.87,53,0.23,16.89,17.01
24.85,12,7.5,43,99,30.88,52,0.23,15.99,11.88
24.61,12,5,41,91,30.47,51,0.23,14.78,8.16
23.56,12,7.5,41,93,30.58,50,0.23,17.24,10.78
24.53,13,7.5,42,100,29.27,41,0.23,18.25,9.67
22.04,12,5,41,92,29.47,38,0.23,16.54,9.87
22.04,13,7.5,41,90,29.27,44,0.23,14.93,9.57
21.47,12,7.5,43,84,29.97,46,0.23,14.38,9.67
22.84,12,7.5,42,95,27.76,44,0.23,13.33,10.58
21.95,12,7.5,43,86,28.06,45,0.23,12.37,12.18
22.12,12,5,42,81,28.57,42,0.23,12.37,11.88
22.04,12,7.5,41,86,27.46,44,0.23,12.12,12.18
22.28,12,7.5,42,87,29.27,42,0.23,10.91,11.98
21.71,12,7.5,42,88,28.57,44,0.23,11.72,11.98
22.52,12,5,40,82,28.57,45,0.23,12.17,11.68
26.7,13,7.5,42,82,29.17,43,0.23,10.86,11.98
22.52,12,7.5,43,85,28.87,37,0.23,9.71,12.08
21.55,12,7.5,41,90,28.87,36,0.23,10.51,12.38
21.07,12,5,42,82,28.26,40,0.23,9.36,13.19
22.92,12,7.5,42,84,29.07,43,0.23,9.91,13.89
21.71,12,7.5,42,87,28.06,43,0.23,9.46,13.49
23.08,12,7.5,41,81,29.57,42,0.23,9.46,13.89
22.12,12,7.5,42,91,28.46,42,0.23,8.45,13.59
21.87,12,7.5,42,84,28.16,42,0.23,9.26,14.19
20.51,12,5,41,85,29.07,42,0.23,9.26,14.5
21.55,12,7.5,41,82,28.16,43,0.23,11.27,14.6
22.12,12,7.5,42,84,29.57,42,0.23,11.01,14.19
21.87,12,7.5,41,98,29.17,44,0.23,11.27,14.09
22.2,12,7.5,41,96,29.27,36,0.23,11.62,14.29
21.87,12,7.5,41,91,28.06,37,0.23,10.01,14.29
21.71,12,7.5,41,91,29.57,43,0.23,8.35,11.98
22.84,12,7.5,40,100,27.26,114,0.23,7.85,5.45
22.04,12,5,39,100,29.07,70,0.23,7.75,5.95
21.79,12,10,40,90,26.86,0,0.23,8.1,5.35
28.47,13,7.5,38,97,28.87,1,0.23,7.85,6.25
35.7,12,17.5,38,107,26.15,41,0.23,9.46,13.59
64.97,13,20,44,121,41.63,121,0.23,10.16,12.18
38.6,29,15,57,114,30.27,112,0.23,9.91,13.79
40.29,39,10,42,138,32.69,101,0.23,9.26,15.5
49.05,44,10,39,152,32.89,102,0.23,9.56,23.54
46.4,42,15,42,163,28.57,101,0.23,9.05,31.48
59.98,43,12.5,36,209,30.37,101,0.23,10.46,31.98
79.52,43,12.5,33,199,30.07,103,0.23,12.32,34.6
66.17,40,12.5,30,211,33.49,95,0.23,10.06,36.3
64.57,47,12.5,33,206,29.67,88,0.23,9.46,38.82
67.3,40,10,25,226,32.08,81,0.23,9.86,37.31
62.24,40,10,25,231,32.59,71,0.23,9.66,36.81
76.87,40,15,18,212,32.18,63,0.23,10.36,37.41
72.69,37,12.5,8,224,27.36,59,0.23,10.26,37.01
80.89,36,17.5,6,224,30.37,47,0.23,10.21,39.32
58.62,38,12.5,5,237,32.08,41,0.23,10.61,38.62
64.57,36,12.5,1,234,30.07,37,0.23,12.07,36.91
70.11,34,12.5,1,228,27.76,27,0.23,10.01,36.4
61.91,34,10,0,244,27.46,25,0.23,11.37,37.51
55.24,53,10,0,243,32.89,26,0.23,10.56,37.71
53.31,46,7.5,0,214,32.89,17,0.23,11.82,36.3
47.6,34,12.5,0,194,36.91,11,0.23,14.33,36.1
48,41,17.5,0,182,32.28,14,0.23,16.29,36.5
59.74,40,12.5,0,182,31.38,12,0.23,12.42,35.9
50.9,52,12.5,0,208,26.15,9,0.23,11.11,39.22
49.45,50,15,0,206,25.75,8,0.23,11.32,38.62
50.66,38,10,0,209,26.15,5,0.23,11.16,39.42
49.77,35,10,1,205,26.76,2,0.23,11.62,38.51
46.72,31,17.5,3,203,29.27,7,0.23,13.98,37.71
42.38,34,17.5,0,205,37.91,4,0.23,13.93,38.11
38.92,34,10,0,190,41.43,2,0.23,13.63,36.2
38.6,35,10,0,180,39.52,4,0.23,12.97,37.81
40.04,34,10,0,161,44.34,1,0.23,12.32,38.01
39.4,34,12.5,0,145,40.63,4,0.23,13.98,38.01
38.52,35,12.5,0,147,39.92,19,0.23,13.33,40.83
40.13,35,10,0,145,35.3,19,0.23,11.57,40.83
39.8,33,15,0,147,37.21,23,0.23,11.97,39.22
37.95,28,7.5,0,152,34.9,35,0.23,13.02,38.51
36.43,26,7.5,2,147,36.5,41,0.23,12.22,37.91
35.22,25,10,0,142,34.8,24,0.23,13.02,34.49
32.97,23,5,0,126,37.51,32,0.23,13.07,26.45
34.98,22,7.5,8,134,32.99,43,0.23,14.08,26.66
33.21,20,7.5,2,123,23.54,37,0.23,13.53,25.75
28.95,21,5,4,120,24.85,40,0.23,12.22,22.84
29.19,21,7.5,19,127,28.06,73,0.23,12.27,22.64
29.75,20,5,7,119,25.45,55,0.23,12.82,23.84
28.55,17,7.5,12,118,25.35,64,0.23,13.58,22.84
27.9,17,5,21,124,28.26,67,0.23,13.48,22.64
28.63,18,7.5,22,116,27.06,49,0.23,13.73,24.65
31.04,18,5,26,119,27.56,60,0.23,14.88,22.64
29.91,17,5,28,121,27.46,66,0.23,17.8,22.64
28.31,17,7.5,31,107,28.77,71,0.23,15.34,23.14
26.86,17,5,34,111,26.86,76,0.23,12.62,23.34
26.06,17,7.5,39,108,29.67,34,0.23,13.73,22.74
24.37,17,5,40,99,28.46,39,0.23,12.62,21.73
24.93,17,7.5,43,110,31.08,39,0.23,12.22,22.43
23.08,17,5,43,105,28.87,41,0.23,13.48,21.03
24.29,17,5,43,101,31.08,42,0.23,12.87,18.41
24.45,16,7.5,46,110,32.48,43,0.23,15.18,18.31
24.93,16,5,45,97,34.19,36,0.23,16.39,18.41
24.29,17,7.5,44,107,33.19,34,0.23,14.03,16.81
24.85,16,5,44,96,33.99,39,0.23,14.43,8.16
26.62,17,7.5,43,102,34.39,41,0.23,14.03,6.05
25.17,16,7.5,43,97,33.29,41,0.23,14.23,6.86
23.24,17,5,43,97,32.38,41,0.23,15.39,9.87
24.05,16,7.5,41,96,32.69,42,0.23,15.03,9.47
24.13,17,5,42,93,32.08,41,0.23,16.04,9.47
23.32,16,7.5,42,103,32.69,42,0.23,14.83,8.06
25.89,17,5,42,91,30.68,42,0.23,15.44,6.15
25.17,17,7.5,43,99,30.47,41,0.23,18.55,5.75
23.56,16,7.5,42,97,25.85,36,0.23,14.73,6.05
22.76,17,5,41,94,23.94,34,0.23,13.17,6.05
23.64,17,7.5,42,100,25.05,36,0.23,13.73,6.46
23.72,16,7.5,43,90,23.24,42,0.23,12.67,6.05
23.24,16,5,42,99,24.75,46,0.23,11.27,6.56
23.24,17,7.5,42,90,23.04,47,0.23,11.62,7.06
23.56,17,5,42,89,25.25,46,0.23,11.92,7.26
23.4,16,7.5,42,97,22.84,48,0.23,9.91,6.46
23,17,5,42,91,25.65,46,0.23,9.46,6.05
22.92,16,7.5,43,88,23.44,48,0.23,11.01,6.15
23.08,17,7.5,43,98,24.24,47,0.23,8.9,5.95
22.52,16,5,41,89,24.24,42,0.23,9.15,6.05
23.4,17,7.5,43,90,23.64,41,0.23,10.11,6.05
22.68,16,7.5,43,95,23.54,43,0.23,8.7,6.05
23,17,5,41,89,24.44,48,0.23,10.06,5.75
23.48,16,7.5,42,90,23.94,50,0.23,9.61,5.95
22.6,16,7.5,42,96,24.04,48,0.23,10.51,5.95
23.72,16,5,41,93,23.74,49,0.23,10.06,5.85
24.61,17,7.5,42,88,24.14,50,0.23,8.8,5.85
26.3,16,5,42,93,24.55,50,0.23,8.35,5.35
22.6,17,7.5,42,99,24.04,51,0.23,8.4,5.05
24.53,16,5,42,91,23.54,49,0.23,8.9,5.35
25.09,16,7.5,41,90,23.84,42,0.23,8.6,5.35
25.41,17,5,38,99,23.54,39,0.23,8.1,5.75
23.16,16,7.5,39,90,22.94,44,0.23,8.55,5.15
23.64,17,5,37,89,22.03,45,0.23,8.3,5.15
23.32,17,7.5,35,97,22.94,43,0.23,8.2,5.05
23.4,18,5,34,94,21.33,39,0.23,8.75,5.25
23.56,38,7.5,33,89,21.03,37,0.23,8.7,5.15
23.48,32,5,30,89,19.32,31,0.23,8.2,4.95
24.53,32,5,24,99,18.82,26,0.23,8.75,5.95
23.72,33,7.5,20,91,15.1,19,0.23,8.9,6.35
28.23,36,5,16,87,13.99,7,0.23,9.36,11.98
29.67,34,7.5,14,98,11.58,2,0.23,8.95,11.48
27.66,34,5,9,87,10.68,0,0.23,11.67,10.88
25.25,32,7.5,6,94,8.16,0,0.23,9.71,8.26
25.17,32,5,0,93,8.47,0,0.23,9.2,9.07
26.14,31,5,1,89,6.76,0,0.23,9.36,11.78
26.38,31,7.5,0,99,6.05,0,0.23,9.96,9.07
27.02,30,5,0,88,4.24,0,0.23,11.16,9.87
26.62,29,5,0,99,5.45,0,0.23,9.56,9.47
26.38,29,7.5,0,90,3.44,0,0.23,9.91,9.27
26.22,28,5,0,102,4.04,0,0.23,9.86,9.67
26.94,28,5,0,95,3.14,0,0.23,9.51,11.08
25.09,27,7.5,0,92,2.54,0,0.23,12.57,10.88
23.88,31,5,0,102,2.94,0,0.23,13.48,12.18
24.69,29,7.5,0,90,1.73,0,0.23,13.22,11.58
24.45,29,5,0,103,2.84,0,0.23,17.19,13.29
23.32,31,5,0,101,1.83,0,0.23,13.68,13.19
24.85,28,7.5,0,101,2.84,0,0.23,12.97,13.59
23.72,25,5,0,107,1.93,3,0.23,11.67,12.99
24.13,29,7.5,0,100,1.83,0,0.23,12.82,20.32
25.25,24,5,0,104,2.54,2,0.23,17.55,20.53
25.89,26,7.5,0,104,6.35,20,0.23,15.99,21.13
23.8,25,5,0,104,2.44,0,0.23,12.52,20.63
24.37,24,7.5,4,103,2.03,0,0.23,11.87,19.72
25.09,23,5,0,102,5.65,8,0.23,11.97,21.43
27.02,23,7.5,5,106,4.04,5,0.23,14.88,21.13
25.25,23,5,3,102,3.14,2,0.23,13.53,21.23
23.88,23,5,6,105,5.85,17,0.23,13.98,21.63
25.57,25,7.5,3,102,5.45,8,0.23,13.73,19.62
23.72,23,7.5,1,100,4.65,3,0.23,14.48,21.33
24.29,17,7.5,0,102,5.95,0,0.23,12.97,21.43
24.21,17,7.5,0,101,7.36,10,0.23,12.87,22.84
28.31,16,7.5,5,104,8.26,8,0.23,12.97,22.23
27.26,14,5,0,107,8.26,1,0.23,14.03,21.53
28.31,15,7.5,6,106,11.98,41,0.23,14.88,21.93
26.78,13,7.5,0,107,19.92,54,0.23,13.83,20.32
27.58,14,7.5,10,106,13.79,21,0.23,13.98,20.42
25.17,14,5,0,107,15.8,25,0.23,15.03,20.53
26.22,14,7.5,1,106,15.2,12,0.23,15.59,19.72
24.93,15,5,7,104,17.41,1,0.23,15.03,18.21
24.69,14,7.5,3,109,17.91,0,0.23,14.78,19.22
27.02,11,5,24,106,20.83,1,0.23,12.82,19.82
25.33,10,7.5,23,108,20.42,0,0.23,12.82,18.82
24.69,10,5,22,104,23.84,1,0.23,16.69,18.52
28.31,10,7.5,26,106,22.03,0,0.23,21.01,19.02
25.65,9,5,29,106,27.76,1,0.23,18.15,17.01
25.41,9,7.5,35,105,24.04,0,0.23,15.79,19.52
24.77,10,5,36,106,23.74,1,0.23,14.48,18.92
25.01,9,7.5,37,99,24.24,0,0.23,19.91,16.3
25.25,9,5,40,102,22.74,1,0.23,19.31,15.5
23.88,8,5,42,105,25.45,0,0.23,17.4,18.62
24.85,9,7.5,42,97,23.34,1,0.23,14.78,17.51
23.8,8,5,43,105,25.25,0,0.23,14.88,17.81
23.8,9,7.5,43,105,23.34,1,0.23,15.34,17.61
24.05,9,5,42,95,25.55,0,0.23,16.34,16.3
23.72,8,7.5,43,103,23.24,1,0.23,16.44,17.51
23.88,9,5,44,99,25.05,1,0.23,16.14,12.18
23.32,9,7.5,42,99,23.24,0,0.23,16.34,9.17
24.05,8,5,43,100,25.85,1,0.23,16.64,7.66
25.73,9,7.5,44,92,23.04,0,0.23,16.84,6.35
23.72,9,5,43,105,25.05,1,0.23,14.93,7.76
23.16,8,7.5,44,90,23.74,0,0.23,15.39,6.05
23.4,9,7.5,43,102,24.65,1,0.23,15.13,6.15
23,8,5,42,94,23.54,0,0.23,14.33,5.55
23.16,9,7.5,43,100,24.44,1,0.23,14.53,5.85
24.13,9,7.5,43,96,23.84,0,0.23,14.03,5.95
23.48,8,5,43,95,23.74,1,0.23,14.53,5.85
23.4,9,7.5,43,97,24.95,0,0.23,12.52,5.95
22.84,8,5,42,93,22.74,1,0.23,11.21,5.85
23.48,9,7.5,43,99,25.25,1,0.23,11.72,6.15
23.72,9,7.5,42,89,23.34,0,0.23,11.16,6.15
23.88,9,5,43,101,24.55,1,0.23,10.76,5.95
23.72,8,7.5,42,92,23.54,0,0.23,10.81,5.95
22.92,9,5,42,93,25.05,1,0.23,10.31,6.05
24.53,8,7.5,43,99,23.44,0,0.23,10.21,6.05
23.08,9,7.5,43,91,24.65,1,0.23,10.01,5.85
23.56,8,5,43,99,24.34,0,0.23,9.15,5.95
23.24,9,7.5,42,91,23.54,1,0.23,9.56,6.05
23.08,8,7.5,43,91,23.94,0,0.23,9.86,5.75
25.41,9,5,42,101,23.24,1,0.23,9.81,5.75
24.69,9,7.5,42,92,25.25,0,0.23,9,6.46
24.53,9,7.5,42,91,23.14,1,0.23,11.42,5.25
24.21,8,5,42,96,24.85,0,0.23,10.16,5.35
23.08,9,7.5,42,94,22.94,1,0.23,9.56,5.35
23.16,8,7.5,43,89,25.05,1,0.23,9.36,5.25
23.64,9,5,41,97,23.04,0,0.23,9.36,4.95
23.16,9,7.5,41,93,23.54,1,0.23,9.2,5.05
26.22,8,5,40,88,23.74,0,0.23,9.76,5.15
25.81,9,7.5,39,93,22.43,1,0.23,9.41,5.35
23.56,8,5,37,91,22.84,0,0.23,11.21,5.55
22.92,9,7.5,37,89,21.63,1,0.23,13.02,5.15
23.16,9,5,34,91,22.33,1,0.23,11.27,5.45
22.92,9,5,30,93,19.92,0,0.23,9.71,6.35
22.84,10,7.5,28,87,20.53,1,0.23,9.31,6.15
24.21,9,5,23,95,16.51,0,0.23,7.85,6.46
25.81,10,7.5,18,91,16.71,1,0.23,8.05,9.87
28.23,9,5,12,88,12.99,0,0.23,7.9,11.38
25.17,10,7.5,9,95,11.18,1,0.23,9.56,11.18
25.97,11,5,3,88,9.77,0,0.23,8.45,10.98
23.72,11,7.5,1,102,9.27,3,0.23,9.15,11.78
24.85,12,5,0,86,6.86,60,0.23,9.56,10.48
23.72,11,5,0,99,7.56,1,0.23,9.05,11.68
23.8,11,7.5,0,92,5.25,0,0.23,10.26,11.18
23.88,11,5,0,95,5.45,0,0.23,12.72,11.48
26.06,12,7.5,0,101,3.14,0,0.23,12.97,15
25.57,11,5,0,99,4.85,0,0.23,10.66,12.69
23.96,11,7.5,0,103,2.94,0,0.23,9.71,15.1
23.72,11,5,0,101,3.94,0,0.23,9.86,14.6
23.08,11,5,0,101,2.84,0,0.23,10.61,16.3
23.96,11,7.5,0,100,2.54,0,0.23,14.43,17.51
23.16,12,5,0,102,3.14,0,0.23,11.37,16.1
24.29,10,7.5,0,101,2.23,0,0.23,11.72,16.51
23.48,11,5,0,99,2.94,0,0.23,12.37,16.81
24.93,10,5,0,102,2.13,0,0.23,13.98,17.31
24.05,9,7.5,0,103,3.04,0,0.23,15.64,17.01
24.53,9,5,1,100,1.93,0,0.23,11.72,15.9
23.32,9,7.5,5,97,2.84,0,0.23,14.03,17.51
24.61,9,5,6,102,5.65,5,0.23,11.77,18.21
23.96,8,5,0,104,14.5,19,0.23,12.02,17.31
23.88,9,7.5,0,101,8.97,9,0.23,12.37,16.51
23.64,9,5,11,99,5.85,3,0.23,12.92,18.41
23.56,9,7.5,0,101,2.84,0,0.23,14.03,18.11
24.93,9,5,0,104,3.44,0,0.23,13.63,18.11
23.72,9,5,0,99,4.04,0,0.23,13.22,18.31
23.72,9,7.5,0,102,3.54,2,0.23,16.64,18.62
23.08,8,5,0,100,6.66,0,0.23,15.99,17.61
23.48,9,7.5,3,103,8.87,7,0.23,15.54,16.3
24.21,9,5,4,102,7.46,0,0.23,13.73,16.71
24.45,9,7.5,11,106,6.46,0,0.23,15.49,16.4
25.25,8,5,0,103,8.97,0,0.23,15.99,17.61
26.38,9,7.5,0,107,9.37,0,0.23,13.88,15.5
26.54,9,5,20,103,15.4,6,0.23,14.43,15.5
25.89,9,7.5,12,106,19.12,12,0.23,15.54,17.71
23.64,8,5,0,109,21.63,27,0.23,13.58,21.13
23.56,9,7.5,0,103,22.03,29,0.23,13.68,20.32
25.17,9,5,5,106,21.23,31,0.23,13.63,21.33
26.54,8,5,6,103,20.83,36,0.23,15.44,17.91
30.32,9,7.5,12,107,23.74,41,0.23,14.88,20.12
39,9,5,13,104,21.23,40,0.23,15.44,19.22
36.67,9,7.5,13,101,23.44,43,0.23,16.74,16.91
36.11,8,5,33,96,22.84,45,0.23,17.3,18.31
38.6,9,5,41,105,24.44,47,0.23,17.3,20.53
36.51,9,7.5,42,100,23.54,47,0.23,16.34,18.72
36.99,8,5,43,96,23.74,47,0.23,15.59,20.73
37.31,9,7.5,44,104,24.44,40,0.23,15.29,20.73
37.39,8,5,43,94,22.94,40,0.23,15.94,18.92
35.78,9,5,44,102,24.65,42,0.23,18.15,18.62
37.63,8,7.5,44,95,23.64,47,0.23,17.75,21.53
38.28,9,7.5,43,97,23.34,43,0.23,16.04,19.32
37.63,9,5,43,102,24.95,42,0.23,16.74,16.91
35.3,8,5,44,94,23.64,43,0.23,16.59,17.51
24.05,9,7.5,43,103,23.94,42,0.23,16.74,12.38
23.56,9,5,43,92,24.95,45,0.23,16.69,7.36
23.08,9,5,43,106,23.14,44,0.23,16.44,7.26
24.85,8,7.5,43,93,24.75,43,0.23,15.13,7.26
24.53,9,5,43,101,24.75,38,0.23,15.18,6.15
23.24,8,5,43,96,23.44,38,0.23,14.38,5.95
22.76,9,7.5,43,100,24.55,44,0.23,15.89,6.56
22.44,8,5,44,96,24.14,51,0.23,13.83,9.47
23.32,9,7.5,44,95,23.34,52,0.23,12.92,10.48
23.24,8,5,44,101,24.85,51,0.23,12.47,13.59
21.15,10,5,43,92,22.74,52,0.23,11.97,14.7
22.04,8,7.5,45,102,24.65,52,0.23,11.21,14.7
21.39,9,5,44,92,23.44,51,0.23,10.46,14.7
23.64,8,7.5,43,101,23.84,50,0.23,11.21,14.6
24.05,9,5,44,94,23.94,51,0.23,10.36,14.6
21.71,9,7.5,43,90,23.74,47,0.23,10.61,14.5
21.47,9,5,42,101,25.45,44,0.23,10.71,14.29
20.91,8,5,42,92,22.74,47,0.23,10.21,14.39
21.55,9,7.5,44,93,24.24,52,0.23,9.81,14.5
21.47,8,5,43,98,23.84,52,0.23,9.81,14.29
22.36,9,7.5,43,91,23.34,51,0.23,9.61,14.5
22.6,9,5,44,90,24.95,51,0.23,9.51,14.39
23.08,8,7.5,43,98,23.44,52,0.23,10.01,14.6
21.31,9,5,42,88,23.84,52,0.23,11.72,14.5
21.39,9,7.5,43,90,23.84,52,0.23,11.21,14.7
21.79,8,5,43,99,23.84,51,0.23,10.61,14.5
24.05,9,7.5,43,90,24.65,46,0.23,9.76,14.8
23,9,5,43,90,23.44,42,0.23,9.66,15.6
22.92,8,5,42,106,24.14,44,0.23,9.05,16
21.71,9,7.5,43,97,23.64,47,0.23,9.15,15.1
21.95,9,5,42,105,23.94,51,0.23,9.91,14.7
21.63,9,5,43,107,25.15,124,0.23,9.36,13.09
20.91,8,7.5,41,105,23.74,129,0.23,10.01,12.99
21.79,9,5,42,107,25.15,128,0.23,9.26,13.49
36.35,9,7.5,45,104,21.93,126,0.23,8.85,14.29
34.1,8,15,40,118,23.04,127,0.23,8.95,18.92
33.61,9,15,45,124,37.31,130,0.23,10.61,18.01
40.69,9,15,52,135,26.96,125,0.23,10.91,17.81
66.26,8,15,57,158,27.16,120,0.23,10.06,19.32
47.92,9,10,55,165,26.25,123,0.23,10.91,27.86
66.42,9,12.5,51,171,23.84,124,0.23,10.86,28.26
64.25,8,10,46,196,21.83,122,0.23,10.41,26.56
60.55,9,12.5,38,206,26.86,115,0.23,10.61,27.36
63.04,9,10,41,232,25.65,116,0.23,11.27,29.57
82.5,9,12.5,34,247,28.26,106,0.23,11.97,25.75
76.95,8,12.5,31,248,30.27,107,0.23,10.26,25.95
79.76,9,15,31,243,28.97,92,0.23,10.56,26.25
73.33,9,15,28,242,29.97,79,0.23,10.91,27.96
68.51,8,15,25,262,29.47,74,0.23,11.52,28.26
81.93,9,7.5,20,253,31.08,68,0.23,12.52,28.26
85.47,9,12.5,13,250,35,52,0.23,11.27,27.56
87.88,9,12.5,12,249,32.59,55,0.23,12.37,28.57
83.78,8,15,12,250,28.46,50,0.23,14.13,28.87
81.13,9,20,3,247,29.47,43,0.23,11.62,30.17
86.52,9,10,1,240,31.78,32,0.23,11.42,33.09
79.92,8,12.5,1,218,35.5,34,0.23,12.42,31.38
69.23,9,10,0,228,34.7,26,0.23,13.28,29.07
75.66,9,10,1,219,38.92,20,0.23,13.48,29.27
61.91,9,12.5,0,215,36.61,9,0.23,11.77,29.87
75.98,8,17.5,0,233,21.43,12,0.23,13.07,30.37
65.69,9,10,0,255,24.65,22,0.23,12.97,29.17
74.13,9,12.5,0,262,27.56,23,0.23,13.12,36
67.7,8,12.5,0,240,31.38,18,0.23,13.68,37.91
70.36,9,10,0,243,39.12,23,0.23,12.67,36
71.72,8,12.5,0,241,41.23,23,0.23,14.08,34.39
67.62,9,12.5,0,234,40.12,20,0.23,12.87,32.89
66.01,9,12.5,0,223,40.22,20,0.23,12.47,32.08
62.56,8,20,0,228,60.42,22,0.23,13.33,31.38
60.14,9,15,0,240,52.58,33,0.23,12.62,31.98
56.93,9,15,0,235,57.51,33,0.23,14.63,31.18
54.52,9,10,0,233,56.1,15,0.23,13.17,30.68
52.67,8,10,0,235,48.87,25,0.23,13.58,30.98
58.22,9,10,0,209,39.62,24,0.23,15.39,31.28
55.88,9,10,0,164,38.82,18,0.23,12.37,29.87
52.59,9,10,0,148,34.09,18,0.23,12.27,28.87
43.58,9,7.5,0,142,27.36,23,0.23,12.82,21.43
42.54,9,10,0,135,30.37,22,0.23,19.2,18.52
34.82,8,7.5,0,127,25.95,24,0.23,18.9,17.81
31.84,9,10,1,124,23.64,30,0.23,17.4,18.31
31.68,9,7.5,0,121,26.15,71,0.23,19.46,16.81
30.16,8,10,5,121,25.45,53,0.23,16.99,14.9
27.9,9,7.5,10,113,24.65,52,0.23,16.74,16.1
27.66,9,7.5,14,113,25.55,60,0.23,19.15,15
28.47,8,7.5,19,112,23.84,64,0.23,19.71,15
28.87,9,10,23,113,26.56,64,0.23,19.31,16
28.55,9,7.5,28,112,25.85,66,0.23,16.89,9.87
26.78,8,7.5,34,110,25.85,76,0.23,14.58,9.97
25.17,9,7.5,36,114,26.76,84,0.23,14.83,11.98
22.04,9,10,40,109,25.65,89,0.23,18.6,12.99
24.53,8,7.5,43,112,27.86,85,0.23,17.5,13.29
22.6,9,7.5,44,101,27.36,42,0.23,14.13,12.79
23.24,9,7.5,43,105,27.06,39,0.23,13.98,12.49
21.31,9,10,47,111,27.06,40,0.23,14.03,13.79
22.6,9,7.5,47,96,28.26,42,0.23,14.58,11.48
22.6,9,7.5,45,108,26.86,43,0.23,16.59,17.91
22.2,8,7.5,45,97,27.36,37,0.23,14.48,17.01
22.2,8,10,44,110,26.35,32,0.23,14.78,11.98
22.68,9,7.5,44,96,27.36,35,0.23,16.64,8.87
23.32,9,7.5,44,103,25.75,41,0.23,15.18,9.07
25.41,8,7.5,43,101,26.76,41,0.23,15.03,9.97
23.32,9,10,45,100,26.45,42,0.23,14.18,10.07
21.87,9,7.5,42,101,25.75,46,0.23,14.38,10.17
24.29,9,7.5,44,94,27.16,46,0.23,18.25,9.67
22.36,8,7.5,42,107,25.25,49,0.23,16.09,9.67
20.83,9,7.5,42,95,27.46,48,0.23,15.23,10.07
21.23,9,7.5,43,106,25.15,49,0.23,14.23,9.97
21.31,9,7.5,44,92,27.06,43,0.23,15.13,9.97
21.15,8,7.5,43,106,25.35,42,0.23,14.48,9.97
21.23,9,7.5,43,96,26.66,45,0.23,14.23,10.27
20.67,9,7.5,44,99,25.55,50,0.23,13.53,10.17
21.31,8,7.5,43,99,26.05,51,0.23,12.37,10.17
20.99,9,7.5,44,95,24.55,52,0.23,11.06,10.98
20.27,9,7.5,44,101,24.75,52,0.23,10.81,12.59
20.75,8,7.5,43,92,25.05,51,0.23,10.11,12.38
23.16,9,7.5,43,100,24.75,52,0.23,9.96,12.49
21.63,9,7.5,44,95,24.44,53,0.23,9.51,12.59
20.75,8,5,42,91,25.35,54,0.23,10.01,12.38
21.31,9,7.5,43,100,23.64,48,0.23,12.22,12.69
20.51,9,7.5,43,91,25.05,47,0.23,10.46,13.49
20.43,9,7.5,43,95,24.65,51,0.23,9.86,13.49
21.15,8,7.5,43,98,24.44,53,0.23,9.1,13.39
20.99,9,7.5,43,92,24.95,52,0.23,8.75,13.09
21.79,9,5,44,93,24.65,53,0.23,9.26,12.89
21.15,8,7.5,41,104,25.45,52,0.23,8.55,12.99
23.8,9,7.5,43,103,23.94,50,0.23,9,14.29
24.13,9,7.5,44,106,25.25,50,0.23,9.1,15.4
21.15,8,7.5,42,103,23.84,51,0.23,8.75,13.99
25.65,9,5,42,110,26.25,125,0.23,8.55,10.48
29.27,9,7.5,42,112,24.55,130,0.23,8.5,10.58
42.22,9,10,41,106,25.75,127,0.23,8.55,9.17
32.89,9,7.5,41,113,23.14,123,0.23,8,10.88
49.45,8,12.5,41,113,26.35,130,0.23,8.2,13.19
34.42,10,10,42,121,38.21,127,0.23,8.8,12.49
38.6,25,10,52,134,36.61,124,0.23,9.96,13.49
48.41,36,10,57,146,36.2,121,0.23,9.61,15.3
86.27,36,15,52,174,35.7,118,0.23,10.01,24.55
83.94,40,17.5,49,175,34.49,114,0.23,12.32,26.25
72.85,45,17.5,41,200,34.9,108,0.23,12.27,28.06
67.54,39,17.5,44,209,35.9,110,0.23,11.16,29.37
62.4,35,12.5,36,229,37.71,99,0.23,12.67,32.59
70.92,34,10,50,229,39.02,93,0.23,12.37,32.08
72.12,37,17.5,35,228,40.73,84,0.23,10.76,31.98
85.47,34,10,14,234,36.71,76,0.23,11.67,31.98
77.75,37,12.5,16,231,39.52,65,0.23,12.72,32.18
77.11,38,10,13,235,41.33,58,0.23,14.08,32.28
86.11,36,12.5,6,251,40.02,55,0.23,13.48,33.29
82.58,34,15,3,272,42.23,50,0.23,14.88,32.48
68.1,32,10,0,267,37.61,50,0.23,15.44,33.59
66.5,31,12.5,0,255,34.49,42,0.23,13.73,32.18
64.16,34,15,0,255,39.72,33,0.23,13.02,32.69
66.82,37,10,1,247,36.4,33,0.23,12.37,33.19
70.19,32,10,0,230,28.46,26,0.23,12.07,32.38
74.05,33,12.5,0,230,30.98,26,0.23,14.53,29.47
73.49,37,10,0,230,35.5,18,0.23,14.23,29.07
75.42,38,15,0,221,37.41,22,0.23,15.08,32.08
74.78,34,12.5,0,240,32.48,17,0.23,14.88,32.89
75.66,34,12.5,0,252,33.59,20,0.23,14.58,34.29
79.52,31,12.5,0,244,32.48,1,0.23,15.08,34.39
76.87,32,12.5,0,250,36.4,3,0.23,14.03,35.1
